site,date,transect,direction,species,0,5,10,15,20,25,30,35,40,45,50,55,60,65,70,75,80,85,90,95,100,105,110,115,120,125,130,135,140,145,notes,id_notes
selja_grave,7/3/2022,3,W,juniperus_communis,1,1,1,1,1,1,1,1,0,0,1,1,0,0,0,0,0,0,0,0,0,0,0,0,0,0,0,0,0,0,,
selja_grave,7/3/2022,3,W,rumex_acetosa,1,1,1,1,1,1,1,1,1,1,1,1,0,1,0,1,0,0,0,1,0,0,0,0,0,0,0,0,0,0,,
selja_grave,7/3/2022,3,W,potentilla_erecta,1,0,1,0,1,0,1,0,1,1,1,1,0,1,0,0,0,0,0,0,0,0,0,0,0,0,0,0,0,0,,
selja_grave,7/3/2022,3,W,vaccinium_myrtillus,1,1,1,1,1,1,1,1,1,1,1,1,0,0,0,0,1,0,0,0,0,0,0,0,0,0,0,0,0,0,,
selja_grave,7/3/2022,3,W,calluna_vulgaris,1,1,1,0,0,0,1,0,1,0,1,1,1,1,1,1,0,0,0,0,0,0,0,0,0,0,0,0,0,0,,
selja_grave,7/3/2022,3,W,galium_saxatile,1,1,1,1,1,1,1,1,1,1,1,1,0,0,0,0,0,0,0,0,0,0,0,0,0,0,0,0,0,0,,
selja_grave,7/3/2022,3,W,athyrium_filix-femina,1,0,0,0,0,0,0,0,1,0,0,0,0,0,0,0,0,0,0,0,0,0,0,0,0,0,0,0,0,0,,
selja_grave,7/3/2022,3,W,sedum_anglicum,1,0,1,0,0,0,0,0,0,0,0,0,1,0,0,0,0,0,0,0,0,0,0,0,0,0,0,0,0,0,,
selja_grave,7/3/2022,3,W,empetrum_nigrum,1,1,0,0,0,0,1,0,1,0,0,0,1,1,1,1,0,0,0,0,0,0,0,0,0,0,0,0,0,0,,
selja_grave,7/3/2022,3,W,sorbus_aucuparia,0,1,0,0,0,0,0,0,0,0,0,1,0,0,0,0,0,0,0,0,0,0,0,0,0,0,0,0,0,0,,
selja_grave,7/3/2022,3,W,lonicera_periclymenum,0,1,0,0,0,0,0,0,0,0,1,1,0,0,1,0,0,0,0,0,0,0,0,0,0,0,0,0,0,0,,
selja_grave,7/3/2022,3,W,trifolium_repens,0,1,1,1,1,1,0,0,1,1,0,0,0,0,0,0,0,0,0,0,1,0,0,0,0,0,0,0,0,0,,
selja_grave,7/3/2022,3,W,valeriana_sambucifolia,0,0,1,0,0,1,1,0,1,0,1,1,1,0,0,0,0,0,0,0,0,0,0,0,0,0,0,0,0,0,,
selja_grave,7/3/2022,3,W,plantago_lanceolata,0,0,1,1,1,1,0,1,1,1,1,1,0,1,1,0,0,0,0,0,1,0,0,0,0,0,0,0,0,1,,
selja_grave,7/3/2022,3,W,ranunculus_acris,0,0,1,0,1,1,1,1,1,1,1,1,0,0,0,1,0,0,0,0,0,0,0,0,0,0,0,0,0,0,,
selja_grave,7/3/2022,3,W,lotus_corniculatus,0,0,1,0,1,1,1,1,1,1,1,1,0,0,1,0,0,0,1,0,1,0,0,0,0,0,0,0,0,0,,
selja_grave,7/3/2022,3,W,pteridium_aquilinum,0,0,1,1,1,1,1,1,1,1,1,1,0,1,1,0,0,0,0,0,0,0,0,0,0,0,0,0,0,0,,
selja_grave,7/3/2022,3,W,conopodium_majus,0,0,0,1,1,1,1,1,1,1,1,1,0,0,0,0,0,0,0,0,0,0,0,0,0,0,0,0,0,0,,
selja_grave,7/3/2022,3,W,trifolium_cf.pratense,0,0,0,0,1,1,0,0,0,0,0,0,0,1,0,1,0,0,0,0,1,0,0,0,0,0,0,0,0,0,,c.f. pratense/hybridum
selja_grave,7/3/2022,3,W,oxalis_acetosella,0,0,0,0,1,0,1,1,1,1,0,0,0,0,1,0,0,0,0,0,0,0,0,0,0,0,0,0,0,0,,
selja_grave,7/3/2022,3,W,vicia_sepium,0,0,0,0,0,1,0,0,0,0,0,0,0,0,0,0,0,0,0,0,0,0,0,0,0,0,0,0,0,0,,
selja_grave,7/3/2022,3,W,ranunculus_repens,0,0,0,0,0,1,1,1,1,1,1,1,0,0,0,0,0,0,0,0,0,0,0,0,0,0,0,0,0,0,,
selja_grave,7/3/2022,3,W,geranium_robertianum,0,0,0,0,0,1,0,0,0,0,0,0,0,0,0,1,0,1,0,0,0,0,0,0,0,0,0,0,0,0,,
selja_grave,7/3/2022,3,W,geranium_sylvaticum,0,0,0,0,0,0,1,0,0,0,0,0,0,0,0,0,0,0,0,0,0,0,0,0,0,0,0,0,0,0,,
selja_grave,7/3/2022,3,W,cirsium_palustre,0,0,0,0,0,0,1,1,1,1,1,0,0,0,0,0,0,0,0,0,0,0,0,0,0,0,0,0,0,0,,
selja_grave,7/3/2022,3,W,dactylorhiza_maculata,0,0,0,0,0,0,0,1,1,1,0,0,0,0,0,0,0,0,0,0,0,0,0,0,0,0,0,0,0,0,,
selja_grave,7/3/2022,3,W,alchemilla_sp.,0,0,0,0,0,0,0,1,0,0,0,0,0,0,0,0,0,0,0,0,0,0,0,0,0,0,0,0,0,0,,c.f. glabra
selja_grave,7/3/2022,3,W,cf.hypochaeris_radicata,0,0,0,0,0,0,0,1,1,1,1,1,0,0,0,0,0,0,0,0,0,0,0,0,0,0,0,0,0,0,,
selja_grave,7/3/2022,3,W,viola_cf.riviniana,0,0,0,0,0,0,0,0,1,0,1,1,0,0,0,0,0,0,0,0,0,0,0,0,0,0,0,0,0,0,,
selja_grave,7/3/2022,3,W,euphrasia_arctica_borealis,0,0,0,0,0,0,0,0,1,0,0,0,0,0,0,0,0,0,0,0,0,0,0,0,0,0,0,0,0,0,,
selja_grave,7/3/2022,3,W,filipendula_ulmaria,0,0,0,0,0,0,0,0,0,1,0,0,0,0,0,0,0,0,0,0,0,0,0,0,0,0,0,0,0,0,,
selja_grave,7/3/2022,3,W,digitalis_purpurea,0,0,0,0,0,0,0,0,0,0,0,1,1,0,0,0,0,0,0,0,0,0,0,0,0,0,0,0,0,0,,
selja_grave,7/3/2022,3,W,trientalis_europaea,0,0,0,0,0,0,0,0,0,0,0,1,0,0,0,0,0,0,0,0,0,0,0,0,0,0,0,0,0,0,,
selja_grave,7/3/2022,3,W,alchemilla_alpina,0,0,0,0,0,0,0,0,0,0,0,1,0,0,0,1,0,0,0,0,0,0,0,0,0,0,0,0,0,0,,
selja_grave,7/3/2022,3,W,sorbus_cf.intermedia,0,0,0,0,0,0,0,0,0,0,0,1,0,0,0,0,0,0,0,0,0,0,0,0,0,0,0,0,0,0,,c.f. intermedia/arranensis
selja_grave,7/3/2022,3,W,veronica_officinalis,0,0,0,0,0,0,0,0,0,0,0,0,1,0,0,0,0,0,0,0,0,0,0,0,0,0,0,0,0,0,,
selja_grave,7/3/2022,3,W,polypodium_vulgare,0,0,0,0,0,0,0,0,0,0,0,0,1,0,0,0,0,0,0,0,0,0,0,0,0,0,0,0,0,0,,
selja_grave,7/3/2022,3,W,rhinanthus_cf.minor,0,0,0,0,0,0,0,0,0,0,0,0,0,1,0,0,0,0,0,0,0,0,0,0,0,0,0,0,0,0,,
selja_grave,7/3/2022,3,W,lathyrus_pratensis,0,0,0,0,0,0,0,0,0,0,0,0,0,0,1,0,0,0,0,0,0,0,0,0,0,0,0,0,0,0,,
selja_grave,7/3/2022,3,W,rosa_cf.canina,0,0,0,0,0,0,0,0,0,0,0,0,0,0,1,0,0,0,0,0,0,0,0,0,0,0,0,0,0,0,,
selja_grave,7/3/2022,3,W,rumex_crispus,0,0,0,0,0,0,0,0,0,0,0,0,0,0,0,0,1,0,0,0,0,0,0,0,0,0,0,0,0,1,,
selja_grave,7/3/2022,3,W,galium_aparine,0,0,0,0,0,0,0,0,0,0,0,0,0,0,0,0,1,1,0,0,0,0,0,0,0,0,0,0,0,0,,
selja_grave,7/8/2022,3,W,armeria_maritima,0,0,0,0,0,0,0,0,0,0,0,0,0,0,0,0,0,0,0,0,0,0,0,0,0,0,0,0,0,1,,
selja_grave,7/8/2022,3,W,sedum_anglicum,0,0,0,0,0,0,0,0,0,0,0,0,0,0,0,0,0,0,0,0,0,0,0,0,0,0,0,0,0,1,,
selja_grave,7/8/2022,3,W,vicia_cracca,0,0,0,0,0,0,0,0,0,0,0,0,0,0,0,0,0,0,0,0,0,0,0,0,0,0,0,0,0,1,,
selja_grave,7/8/2022,3,W,stellaria_media,0,0,0,0,0,0,0,0,0,0,0,0,0,0,0,0,0,0,0,0,0,0,0,0,0,0,0,0,0,1,,
selja_grave,7/7/2022,8,SE,plantago_lanceolata,1,0,0,0,0,0,0,0,0,0,0,0,0,0,0,0,0,0,0,0,0,0,0,0,0,0,0,0,0,0,,
selja_grave,7/7/2022,8,SE,juniperus_communis,1,1,1,0,0,0,0,1,1,1,0,1,1,0,0,1,1,0,0,0,0,0,0,0,0,0,0,0,0,0,,
selja_grave,7/7/2022,8,SE,oxalis_acetosella,1,0,0,0,0,0,0,0,1,0,0,0,0,0,0,0,0,0,0,0,0,0,0,0,0,0,0,0,0,0,,
selja_grave,7/7/2022,8,SE,fragaria_cf.viridis,1,0,0,0,0,0,0,0,0,0,0,0,0,0,0,0,0,0,0,0,0,0,0,0,0,0,0,0,0,0,,
selja_grave,7/7/2022,8,SE,valeriana_sambucifolia,1,1,0,0,0,0,0,0,0,0,0,0,0,0,0,0,0,0,1,0,0,0,0,0,0,0,0,0,0,0,,
selja_grave,7/7/2022,8,SE,rubus_idaeus,1,1,0,0,0,0,0,0,0,0,0,0,0,0,0,0,0,0,0,0,0,0,0,0,0,0,0,0,0,0,,
selja_grave,7/7/2022,8,SE,athyrium_filix-femina,1,1,0,0,0,0,0,0,0,0,1,0,0,0,0,0,0,0,0,0,0,0,0,0,0,0,0,0,0,0,,
selja_grave,7/7/2022,8,SE,dryopteris_filix-mas,1,0,0,0,0,0,0,0,0,0,0,0,0,0,0,0,0,0,0,0,0,0,0,0,0,0,0,0,0,0,,
selja_grave,7/7/2022,8,SE,sorbus_aucuparia,1,0,0,0,0,0,0,0,0,0,1,0,0,0,0,1,0,0,0,0,0,0,0,0,0,0,0,0,0,0,,
selja_grave,7/7/2022,8,SE,rumex_acetosa,1,1,1,1,1,1,1,1,0,0,0,0,0,0,0,1,1,1,0,0,0,0,0,0,0,0,0,0,0,0,,
selja_grave,7/7/2022,8,SE,calluna_vulgaris,0,1,1,0,0,0,0,0,0,0,0,1,1,1,1,1,1,0,0,0,0,0,0,0,0,0,0,0,0,0,,
selja_grave,7/7/2022,8,SE,digitalis_purpurea,0,1,0,0,0,0,0,0,0,0,0,0,0,0,0,0,0,0,0,0,0,0,0,0,0,0,0,0,0,0,,
selja_grave,7/7/2022,8,SE,vaccinium_myrtillus,1,1,1,0,0,0,0,1,1,1,0,1,1,1,1,1,1,0,0,0,0,0,0,0,0,0,0,0,0,0,,
selja_grave,7/7/2022,8,SE,polypodium_vulgare,0,1,0,0,0,0,0,0,0,0,0,0,0,0,1,0,0,0,0,0,0,0,0,0,0,0,0,0,0,0,,
selja_grave,7/7/2022,8,SE,sedum_anglicum,0,1,0,0,0,0,0,0,1,0,0,0,0,0,0,0,0,0,0,0,0,0,0,0,0,0,0,0,0,0,,
selja_grave,7/7/2022,8,SE,rhinanthus_minor,0,1,1,0,0,0,0,0,0,0,0,0,0,0,0,0,1,0,0,0,0,0,0,0,0,0,0,0,0,0,,
selja_grave,7/7/2022,8,SE,lotus_corniculatus,0,1,0,0,0,0,0,0,0,0,0,0,0,0,0,1,0,0,0,0,0,0,0,0,0,0,0,0,0,0,,
selja_grave,7/7/2022,8,SE,galium_saxatile,0,1,1,1,1,0,0,1,1,1,0,0,0,0,0,1,1,0,0,0,0,0,0,0,0,0,0,0,0,0,,
selja_grave,7/7/2022,8,SE,potentilla_erecta,0,1,1,1,1,1,1,1,1,1,0,1,1,1,1,1,0,0,0,0,0,0,0,0,0,0,0,0,0,0,,
selja_grave,7/7/2022,8,SE,conopodium_majus,0,0,1,1,1,1,1,1,0,0,0,0,0,0,0,0,0,0,0,0,0,0,0,0,0,0,0,0,0,0,,
selja_grave,7/7/2022,8,SE,empetrum_nigrum,0,0,1,0,0,0,0,0,1,1,0,1,1,1,1,1,1,0,0,0,0,0,0,0,0,0,0,0,0,0,,
selja_grave,7/7/2022,8,SE,trifolium_repens,0,0,1,0,0,1,1,1,0,0,0,0,0,0,0,0,0,0,0,0,0,0,0,0,0,0,0,0,0,0,,
selja_grave,7/7/2022,8,SE,pteridium_aquilinum,0,0,1,1,1,1,1,1,1,1,1,1,1,1,1,1,1,0,0,0,0,0,0,0,0,0,0,0,0,0,,
selja_grave,7/7/2022,8,SE,ranunculus_acris,0,0,1,1,1,1,1,1,0,0,0,0,0,0,0,1,1,0,0,0,0,0,0,0,0,0,0,0,0,0,,
selja_grave,7/7/2022,8,SE,lathyrus_pratensis,0,0,0,0,0,0,1,1,0,0,0,0,0,0,0,0,1,0,0,0,0,0,0,0,0,0,0,0,0,0,,originally Lotus pratense
selja_grave,7/7/2022,8,SE,linnaea_borealis,0,0,0,0,0,0,0,0,1,0,0,0,0,1,0,0,0,0,0,0,0,0,0,0,0,0,0,0,0,0,,
selja_grave,7/7/2022,8,SE,vaccinium_vitis-idaea,0,0,0,0,0,0,0,0,0,1,0,1,1,1,1,1,0,0,0,0,0,0,0,0,0,0,0,0,0,0,,
selja_grave,7/7/2022,8,SE,picea_abies,0,0,0,0,0,0,0,0,0,0,1,0,0,0,0,0,0,0,0,0,0,0,0,0,0,0,0,0,0,0,,
selja_grave,7/7/2022,8,SE,lonicera_periclymenum,0,0,0,0,0,0,0,0,0,0,1,0,0,0,0,0,0,0,0,0,0,0,0,0,0,0,0,0,0,0,,
selja_grave,7/7/2022,8,SE,vaccinium_uliginosum,0,0,0,0,0,0,0,0,0,0,0,1,1,0,1,1,0,0,0,0,0,0,0,0,0,0,0,0,0,0,,
selja_grave,7/7/2022,8,SE,filipendula_ulmaria,0,0,0,0,0,0,0,0,0,0,0,1,0,0,0,0,1,0,0,0,0,0,0,0,0,0,0,0,0,0,,
selja_grave,7/7/2022,8,SE,trientalis_europaea,0,0,0,0,0,0,0,0,0,0,0,1,1,1,1,1,1,0,0,0,0,0,0,0,0,0,0,0,0,0,,
selja_grave,7/7/2022,8,SE,erica_tetralix,0,0,0,0,0,0,0,0,0,0,0,0,1,1,1,0,0,0,0,0,0,0,0,0,0,0,0,0,0,0,,
selja_grave,7/7/2022,8,SE,dactylorhiza_maculata,0,0,0,0,0,0,0,0,0,0,0,0,1,1,0,0,0,0,0,0,0,0,0,0,0,0,0,0,0,0,,
selja_grave,7/7/2022,8,SE,cornus_suecica,0,0,0,0,0,0,0,0,0,0,0,0,1,1,0,0,0,0,0,0,0,0,0,0,0,0,0,0,0,0,,
selja_grave,7/7/2022,8,SE,blechnum_spicant,0,0,0,0,0,0,0,0,0,0,0,0,1,1,0,0,0,0,0,0,0,0,0,0,0,0,0,0,0,0,,
selja_grave,7/7/2022,8,SE,knautia_arvensis,0,0,0,0,0,0,0,0,0,0,0,0,0,1,0,0,1,0,0,0,0,0,0,0,0,0,0,0,0,0,,
selja_grave,7/7/2022,8,SE,narthecium_ossifragum,0,0,0,0,0,0,0,0,0,0,0,0,0,1,0,0,0,0,0,0,0,0,0,0,0,0,0,0,0,0,,
selja_grave,7/7/2022,8,SE,polygala_vuglaris,0,0,0,0,0,0,0,0,0,0,0,0,0,1,0,0,0,0,0,0,0,0,0,0,0,0,0,0,0,0,,
selja_grave,7/7/2022,8,SE,vicia_cracca,0,0,0,0,0,0,0,0,0,0,0,0,0,0,0,1,1,0,0,0,0,0,0,0,0,0,0,0,0,0,,
selja_grave,7/7/2022,8,SE,geranium_sylvaticum,0,0,0,0,0,0,0,0,0,0,0,0,0,0,0,0,0,0,1,0,0,0,0,0,0,0,0,0,0,0,,
selja_grave,7/7/2022,6,NE,potentilla_erecta,1,1,1,1,0,0,0,0,0,0,0,0,0,0,0,0,0,0,0,0,0,0,0,0,0,0,0,0,0,0,,
selja_grave,7/7/2022,6,NE,galium_saxatile,1,1,1,1,0,0,0,0,0,0,0,0,0,0,0,0,0,0,0,0,0,0,0,0,0,0,0,0,0,0,,
selja_grave,7/7/2022,6,NE,oxalis_acetosella,1,0,1,1,1,0,0,0,0,0,0,0,0,0,0,0,0,0,0,0,0,0,0,0,0,0,0,0,0,0,,
selja_grave,7/7/2022,6,NE,empetrum_nigrum,1,1,1,1,0,0,0,0,0,0,0,0,0,0,0,0,0,0,0,0,0,0,0,0,0,0,0,0,0,0,,
selja_grave,7/7/2022,6,NE,juniperus_communis,1,1,1,1,1,0,0,0,0,0,0,0,0,0,0,0,0,0,0,0,0,0,0,0,0,0,0,0,0,0,,
selja_grave,7/7/2022,6,NE,sedum_anglicum,1,1,0,0,0,0,0,0,0,0,0,0,0,0,0,0,0,0,0,0,0,0,0,0,0,0,0,0,0,0,,
selja_grave,7/7/2022,6,NE,sorbus_aucuparia,1,0,1,0,0,0,0,0,0,0,0,0,0,0,0,0,0,0,0,0,0,0,0,0,0,0,0,0,0,0,,
selja_grave,7/7/2022,6,NE,rumex_acetosa,1,1,1,1,0,0,0,0,0,0,0,0,0,0,0,0,0,0,0,0,0,0,0,0,0,0,0,0,0,0,,
selja_grave,7/7/2022,6,NE,lotus_corniculatus,0,1,0,0,0,0,0,0,0,0,0,0,0,0,0,0,0,0,0,0,0,0,0,0,0,0,0,0,0,0,,
selja_grave,7/7/2022,6,NE,vaccinium_myrtillus,0,1,1,0,0,0,0,0,0,0,0,0,0,0,0,0,0,0,0,0,0,0,0,0,0,0,0,0,0,0,,
selja_grave,7/7/2022,6,NE,plantago_lanceolata,0,1,0,0,0,0,0,0,0,0,0,0,0,0,0,0,0,0,0,0,0,0,0,0,0,0,0,0,0,0,,
selja_grave,7/7/2022,6,NE,rosa_canina,0,0,1,0,0,0,0,0,0,0,0,0,0,0,0,0,0,0,0,0,0,0,0,0,0,0,0,0,0,0,,
selja_grave,7/7/2022,6,NE,valeriana_sambucifolia,0,0,1,1,1,0,0,0,0,0,0,0,0,0,0,0,0,0,0,0,0,0,0,0,0,0,0,0,0,0,,
selja_grave,7/7/2022,6,NE,pteridium_aquilinum,0,0,1,1,1,0,0,0,0,0,0,0,0,0,0,0,0,0,0,0,0,0,0,0,0,0,0,0,0,0,,
selja_grave,7/7/2022,6,NE,calluna_vulgaris,0,0,1,1,0,0,0,0,0,0,0,0,0,0,0,0,0,0,0,0,0,0,0,0,0,0,0,0,0,0,,
selja_grave,7/7/2022,6,NE,rubus_idaeus,0,0,1,1,0,0,0,0,0,0,0,0,0,0,0,0,0,0,0,0,0,0,0,0,0,0,0,0,0,0,,
selja_grave,7/7/2022,6,NE,lonicera_periclymenum,0,0,0,1,1,0,0,0,0,0,0,0,0,0,0,0,0,0,0,0,0,0,0,0,0,0,0,0,0,0,,
selja_grave,7/7/2022,6,NE,athyrium_filix-femina,0,0,0,1,1,0,0,0,0,0,0,0,0,0,0,0,0,0,0,0,0,0,0,0,0,0,0,0,0,0,,
selja_grave,7/7/2022,6,NE,vaccinium_uliginosum,0,0,0,1,0,0,0,0,0,0,0,0,0,0,0,0,0,0,0,0,0,0,0,0,0,0,0,0,0,0,,
selja_grave,7/7/2022,6,NE,digitalis_purpurea,0,0,0,0,1,0,0,0,0,0,0,0,0,0,0,0,0,0,0,0,0,0,0,0,0,0,0,0,0,0,,
selja_grave,7/7/2022,5,N,empetrum_nigrum,1,1,1,1,0,0,0,0,0,0,0,0,0,0,0,0,0,0,0,0,0,0,0,0,0,0,0,0,0,0,,
selja_grave,7/7/2022,5,N,potentilla_erecta,1,1,1,1,1,0,0,0,0,0,0,0,0,0,0,0,0,0,0,0,0,0,0,0,0,0,0,0,0,0,,
selja_grave,7/7/2022,5,N,galium_saxatile,1,1,0,0,0,0,0,0,0,0,0,0,0,0,0,0,0,0,0,0,0,0,0,0,0,0,0,0,0,0,,
selja_grave,7/7/2022,5,N,oxalis_acetosella,1,1,1,1,1,0,0,0,0,0,0,0,0,0,0,0,0,0,0,0,0,0,0,0,0,0,0,0,0,0,,
selja_grave,7/7/2022,5,N,vaccinium_myrtillus,1,1,1,1,1,0,0,0,0,0,0,0,0,0,0,0,0,0,0,0,0,0,0,0,0,0,0,0,0,0,,
selja_grave,7/7/2022,5,N,juniperus_communis,1,1,1,1,1,1,0,0,0,0,0,0,0,0,0,0,0,0,0,0,0,0,0,0,0,0,0,0,0,0,,
selja_grave,7/7/2022,5,N,rumex_acetosa,1,0,1,1,0,0,0,0,0,0,0,0,0,0,0,0,0,0,0,0,0,0,0,0,0,0,0,0,0,0,,
selja_grave,7/7/2022,5,N,veronica_officinalis,1,1,0,0,1,0,0,0,0,0,0,0,0,0,0,0,0,0,0,0,0,0,0,0,0,0,0,0,0,0,,
selja_grave,7/7/2022,5,N,sedum_anglicum,1,1,0,0,1,0,0,0,0,0,0,0,0,0,0,0,0,0,0,0,0,0,0,0,0,0,0,0,0,0,,
selja_grave,7/7/2022,5,N,calluna_vulgaris,1,1,1,1,1,0,0,0,0,0,0,0,0,0,0,0,0,0,0,0,0,0,0,0,0,0,0,0,0,0,,
selja_grave,7/7/2022,5,N,rosa_canina,1,0,0,0,0,0,0,0,0,0,0,0,0,0,0,0,0,0,0,0,0,0,0,0,0,0,0,0,0,0,,
selja_grave,7/7/2022,5,N,athyrium_filix-femina,1,0,0,1,1,1,0,0,0,0,0,0,0,0,0,0,0,0,0,0,0,0,0,0,0,0,0,0,0,0,,
selja_grave,7/7/2022,5,N,pteridium_aquilinum,1,1,1,1,1,1,0,0,0,0,0,0,0,0,0,0,0,0,0,0,0,0,0,0,0,0,0,0,0,0,,
selja_grave,7/7/2022,5,N,valeriana_sambucifolia,1,1,0,0,0,0,0,0,0,0,0,0,0,0,0,0,0,0,0,0,0,0,0,0,0,0,0,0,0,0,,
selja_grave,7/7/2022,5,N,trifolium_repens,0,1,0,0,0,0,0,0,0,0,0,0,0,0,0,0,0,0,0,0,0,0,0,0,0,0,0,0,0,0,,
selja_grave,7/7/2022,5,N,viola_riviniana,0,1,0,0,0,0,0,0,0,0,0,0,0,0,0,0,0,0,0,0,0,0,0,0,0,0,0,0,0,0,,
selja_grave,7/7/2022,5,N,trientalis_europaea,0,0,1,1,0,0,0,0,0,0,0,0,0,0,0,0,0,0,0,0,0,0,0,0,0,0,0,0,0,0,,
selja_grave,7/7/2022,5,N,lonicera_periclymenum,0,0,1,1,1,1,0,0,0,0,0,0,0,0,0,0,0,0,0,0,0,0,0,0,0,0,0,0,0,0,,
selja_grave,7/7/2022,5,N,polypodium_vulgare,0,0,1,1,1,1,0,0,0,0,0,0,0,0,0,0,0,0,0,0,0,0,0,0,0,0,0,0,0,0,,
selja_grave,7/7/2022,5,N,dryopteris_filix-mas,0,0,0,1,0,0,0,0,0,0,0,0,0,0,0,0,0,0,0,0,0,0,0,0,0,0,0,0,0,0,,
selja_grave,7/7/2022,5,N,geranium_robertianum,0,0,0,1,1,1,0,0,0,0,0,0,0,0,0,0,0,0,0,0,0,0,0,0,0,0,0,0,0,0,,
selja_grave,7/7/2022,5,N,polypodium_interjectum,0,0,1,0,0,0,0,0,0,0,0,0,0,0,0,0,0,0,0,0,0,0,0,0,0,0,0,0,0,0,,
selja_grave,7/2/2022,1,S,calluna_vulgaris,1,1,0,0,0,0,1,1,1,1,0,0,0,0,0,0,0,0,0,0,0,0,0,0,0,0,0,0,0,0,,
selja_grave,7/2/2022,1,S,oxalis_acetosella,1,1,0,0,0,1,1,1,0,0,0,0,0,0,0,0,0,0,0,0,0,0,0,0,0,0,0,0,0,0,,
selja_grave,7/2/2022,1,S,galium_saxatile,1,1,1,1,1,1,0,0,0,0,0,0,0,0,0,0,0,0,0,0,0,0,0,0,0,0,0,0,0,0,,
selja_grave,7/2/2022,1,S,potentilla_cf.erecta,1,1,1,1,1,0,0,0,0,0,0,0,0,0,0,0,0,0,0,0,0,0,0,0,0,0,0,0,0,0,,c.f. erecta/argentea
selja_grave,7/2/2022,1,S,vaccinium_myrtillus,1,1,0,0,0,1,1,1,1,1,1,0,0,0,0,0,0,0,0,0,0,0,0,0,0,0,0,0,0,0,,
selja_grave,7/2/2022,1,S,rumex_acetosa,1,1,1,1,1,1,0,0,0,0,0,0,0,0,0,0,0,0,0,0,0,0,0,0,0,0,0,0,0,0,,
selja_grave,7/2/2022,1,S,juniperus_communis,1,1,0,0,0,1,0,0,1,0,0,0,0,0,0,0,0,0,0,0,0,0,0,0,0,0,0,0,0,0,,
selja_grave,7/2/2022,1,S,conopodium_majus,1,0,1,0,0,0,0,0,0,0,0,0,0,0,0,0,0,0,0,0,0,0,0,0,0,0,0,0,0,0,,
selja_grave,7/2/2022,1,S,valeriana_sambucifolia,1,0,0,0,0,0,0,0,0,0,1,0,0,0,0,0,0,0,0,0,0,0,0,0,0,0,0,0,0,0,,
selja_grave,7/2/2022,1,S,trifolium_repens,1,1,1,1,1,0,1,0,0,0,0,0,0,0,0,0,0,0,0,0,0,0,0,0,0,0,0,0,0,0,,
selja_grave,7/2/2022,1,S,veronica_officinalis,0,1,0,0,0,0,0,0,0,0,0,0,0,0,0,0,0,0,0,0,0,0,0,0,0,0,0,0,0,0,,
selja_grave,7/2/2022,1,S,plantago_lanceolata,0,0,1,1,1,0,0,0,0,0,1,0,0,0,0,0,0,0,0,0,0,0,0,0,0,0,0,0,0,0,,
selja_grave,7/2/2022,1,S,ranunculus_acris,0,0,1,1,1,0,0,0,0,0,0,0,0,0,0,0,0,0,0,0,0,0,0,0,0,0,0,0,0,0,,
selja_grave,7/2/2022,1,S,lotus_corniculatus,0,0,1,0,0,1,0,0,0,1,1,0,0,0,0,0,0,0,0,0,0,0,0,0,0,0,0,0,0,0,,
selja_grave,7/2/2022,1,S,vicia_sepium,0,0,0,1,0,1,1,0,0,0,0,0,0,0,0,0,0,0,0,0,0,0,0,0,0,0,0,0,0,0,,
selja_grave,7/2/2022,1,S,pteridium_aquilinum,0,0,0,0,1,1,0,1,1,0,0,0,0,0,0,0,0,0,0,0,0,0,0,0,0,0,0,0,0,0,,
selja_grave,7/2/2022,1,S,trifolium_pratense,0,0,0,0,1,0,0,0,0,1,0,0,0,0,0,0,0,0,0,0,0,0,0,0,0,0,0,0,0,0,,
selja_grave,7/2/2022,1,S,vaccinium_uliginosum,0,0,0,0,0,1,0,0,1,0,0,0,0,0,0,0,0,0,0,0,0,0,0,0,0,0,0,0,0,0,,
selja_grave,7/2/2022,1,S,viola_riviniana,0,0,0,0,0,1,0,0,0,0,0,0,0,0,0,0,0,0,0,0,0,0,0,0,0,0,0,0,0,0,,
selja_grave,7/2/2022,1,S,vaccinium_vitis-idaea,0,0,0,0,0,0,1,1,0,0,0,0,0,0,0,0,0,0,0,0,0,0,0,0,0,0,0,0,0,0,,
selja_grave,7/2/2022,1,S,trientalis_europaea,0,0,0,0,0,0,1,0,0,0,0,0,0,0,0,0,0,0,0,0,0,0,0,0,0,0,0,0,0,0,,
selja_grave,7/2/2022,1,S,empetrum_nigrum,0,0,0,0,0,0,1,0,0,1,0,0,0,0,0,0,0,0,0,0,0,0,0,0,0,0,0,0,0,0,,
selja_grave,7/2/2022,1,S,dryopteris_filix-mas,0,0,0,0,0,0,1,0,0,0,0,0,0,0,0,0,0,0,0,0,0,0,0,0,0,0,0,0,0,0,,
selja_grave,7/2/2022,1,S,veronica_cf.officinalis,0,0,0,0,0,0,1,0,0,0,0,0,0,0,0,0,0,0,0,0,0,0,0,0,0,0,0,0,0,0,,
selja_grave,7/2/2022,1,S,lonicera_periclymenum,0,0,0,0,0,0,0,0,1,0,0,0,0,0,0,0,0,0,0,0,0,0,0,0,0,0,0,0,0,0,,
selja_grave,7/2/2022,1,S,melampyrum_pratense,0,0,0,0,0,0,0,0,1,1,0,0,0,0,0,0,0,0,0,0,0,0,0,0,0,0,0,0,0,0,,
selja_grave,7/2/2022,1,S,picea_abies,0,0,0,0,0,0,0,0,1,0,0,0,0,0,0,0,0,0,0,0,0,0,0,0,0,0,0,0,0,0,mature tree,
selja_grave,7/2/2022,1,S,sorbus_aucuparia,0,0,0,0,0,0,0,0,1,0,0,0,0,0,0,0,0,0,0,0,0,0,0,0,0,0,0,0,0,0,,
selja_grave,7/2/2022,1,S,vicia_cracca,0,0,0,0,0,0,0,0,0,1,0,0,0,0,0,0,0,0,0,0,0,0,0,0,0,0,0,0,0,0,,
selja_grave,7/2/2022,1,S,filipendula_ulmaria,0,0,0,0,0,0,0,0,0,1,1,0,0,0,0,0,0,0,0,0,0,0,0,0,0,0,0,0,0,0,,
selja_grave,7/2/2022,1,S,geranium_sylvaticum,0,0,0,0,0,0,0,0,0,0,1,0,0,0,0,0,0,0,0,0,0,0,0,0,0,0,0,0,0,0,,
selja_grave,7/2/2022,1,S,rumex_crispus,0,0,0,0,0,0,0,0,0,0,1,0,0,0,0,0,0,0,0,0,0,0,0,0,0,0,0,0,0,0,,
selja_grave,7/2/2022,1,S,armeria_maritima,0,0,0,0,0,0,0,0,0,0,1,0,0,0,0,0,0,0,0,0,0,0,0,0,0,0,0,0,0,0,,
selja_grave,7/2/2022,1,S,euphrasia_arctica_borealis,0,0,0,0,0,0,0,0,0,0,1,0,0,0,0,0,0,0,0,0,0,0,0,0,0,0,0,0,0,0,,
selja_grave,7/2/2022,1,S,cf.salvia_pratensis,0,0,0,0,0,0,0,0,0,0,1,0,0,0,0,0,0,0,0,0,0,0,0,0,0,0,0,0,0,0,basal rosette,originally succusia pratensis
selja_grave,7/3/2022,2,SW,juniperus_communis,1,0,1,0,0,0,0,0,0,0,0,0,0,0,0,0,0,0,0,0,0,0,0,0,0,0,0,0,0,0,,
selja_grave,7/3/2022,2,SW,galium_saxatile,1,1,1,1,0,0,0,0,0,0,0,0,0,0,0,0,0,0,0,0,0,0,0,0,0,0,0,0,0,0,,
selja_grave,7/3/2022,2,SW,vaccinium_myrtillus,1,1,0,0,0,0,0,0,0,0,0,0,0,0,0,0,0,0,0,0,0,0,0,0,0,0,0,0,0,0,,
selja_grave,7/3/2022,2,SW,potentilla_erecta,1,1,0,0,0,0,0,0,0,0,0,0,0,0,0,0,0,0,0,0,0,0,0,0,0,0,0,0,0,0,,
selja_grave,7/3/2022,2,SW,oxalis_acetosella,1,0,0,0,0,0,0,0,0,0,0,0,0,0,0,0,0,0,0,0,0,0,0,0,0,0,0,0,0,0,,
selja_grave,7/3/2022,2,SW,calluna_vulgaris,1,0,0,0,0,0,0,0,0,0,0,0,0,0,0,0,0,0,0,0,0,0,0,0,0,0,0,0,0,0,,
selja_grave,7/3/2022,2,SW,rumex_acetosa,1,0,0,0,0,0,0,0,0,0,0,0,0,0,0,0,0,0,0,0,0,0,0,0,0,0,0,0,0,0,,
selja_grave,7/3/2022,2,SW,trifolium_repens,1,1,1,1,1,0,0,0,0,0,0,0,0,0,0,0,0,0,0,0,0,0,0,0,0,0,0,0,0,0,,
selja_grave,7/3/2022,2,SW,achillea_millefolium,0,1,0,0,1,0,0,0,0,0,0,0,0,0,0,0,0,0,0,0,0,0,0,0,0,0,0,0,0,0,,
selja_grave,7/3/2022,2,SW,ranunculus_acris,0,1,1,1,1,0,1,0,0,0,0,0,0,0,0,0,0,0,0,0,0,0,0,0,0,0,0,0,0,0,,
selja_grave,7/3/2022,2,SW,conopodium_majus,0,1,1,1,0,0,0,0,0,0,0,0,0,0,0,0,0,0,0,0,0,0,0,0,0,0,0,0,0,0,,
selja_grave,7/3/2022,2,SW,plantago_lanceolata,0,0,1,1,1,1,0,0,0,0,0,0,0,0,0,0,0,0,0,0,0,0,0,0,0,0,0,0,0,0,,
selja_grave,7/3/2022,2,SW,vicia_cracca,0,0,0,1,1,1,1,0,0,0,0,0,0,0,0,0,0,0,0,0,0,0,0,0,0,0,0,0,0,0,,
selja_grave,7/3/2022,2,SW,lotus_corniculatus,0,0,0,1,1,0,0,0,0,0,0,0,0,0,0,0,0,0,0,0,0,0,0,0,0,0,0,0,0,0,,
selja_grave,7/3/2022,2,SW,vicia_sepium,0,0,0,1,1,0,0,0,0,0,0,0,0,0,0,0,0,0,0,0,0,0,0,0,0,0,0,0,0,0,,
selja_grave,7/3/2022,2,SW,trifolium_pratense,0,0,0,0,1,0,0,0,0,0,0,0,0,0,0,0,0,0,0,0,0,0,0,0,0,0,0,0,0,0,,
selja_grave,7/3/2022,2,SW,geranium_sylvaticum,0,0,0,0,1,1,0,0,0,0,0,0,0,0,0,0,0,0,0,0,0,0,0,0,0,0,0,0,0,0,,
selja_grave,7/3/2022,2,SW,veronica_chamaedrys,0,0,0,0,1,0,0,0,0,0,0,0,0,0,0,0,0,0,0,0,0,0,0,0,0,0,0,0,0,0,,
selja_grave,7/3/2022,2,SW,valeriana_sambucifolia,0,0,0,0,1,1,0,0,0,0,0,0,0,0,0,0,0,0,0,0,0,0,0,0,0,0,0,0,0,0,,
selja_grave,7/3/2022,2,SW,cerastium_fontanum,0,0,0,0,1,0,1,0,0,0,0,0,0,0,0,0,0,0,0,0,0,0,0,0,0,0,0,0,0,0,,
selja_grave,7/3/2022,2,SW,filipendula_ulmaria,0,0,0,0,1,1,1,0,0,0,0,0,0,0,0,0,0,0,0,0,0,0,0,0,0,0,0,0,0,0,,
selja_grave,7/3/2022,2,SW,argentina_anserina,0,0,0,0,1,1,1,1,0,0,0,0,0,0,0,0,0,0,0,0,0,0,0,0,0,0,0,0,0,0,,
selja_grave,7/3/2022,2,SW,galeopsis_tetrahit,0,0,0,0,0,1,1,0,0,0,0,0,0,0,0,0,0,0,0,0,0,0,0,0,0,0,0,0,0,0,,
selja_grave,7/3/2022,2,SW,rumex_crispus,0,0,0,0,0,1,1,1,0,0,0,0,0,0,0,0,0,0,0,0,0,0,0,0,0,0,0,0,0,0,,
selja_grave,7/3/2022,2,SW,lychnis_flos-cuculi,0,0,0,0,0,0,1,0,0,0,0,0,0,0,0,0,0,0,0,0,0,0,0,0,0,0,0,0,0,0,,
selja_grave,7/3/2022,2,SW,galium_aparine,0,0,0,0,0,0,1,0,0,0,0,0,0,0,0,0,0,0,0,0,0,0,0,0,0,0,0,0,0,0,,
selja_grave,7/3/2022,2,SW,angelica_sp.,0,0,0,0,0,0,1,0,0,0,0,0,0,0,0,0,0,0,0,0,0,0,0,0,0,0,0,0,0,0,,
selja_grave,7/3/2022,2,SW,leontodon_sp.,0,0,0,0,0,0,1,0,0,0,0,0,0,0,0,0,0,0,0,0,0,0,0,0,0,0,0,0,0,0,,
selja_grave,7/3/2022,2,SW,stellaria_sp.,0,0,0,0,0,0,0,1,0,0,0,0,0,0,0,0,0,0,0,0,0,0,0,0,0,0,0,0,0,0,,
selja_grave,7/7/2022,4,NW,oxalis_acetosella,1,1,0,0,1,1,1,1,0,0,0,0,0,0,0,0,0,0,0,0,0,0,0,0,0,0,0,0,0,0,,
selja_grave,7/7/2022,4,NW,galium_saxatile,1,1,0,0,0,1,0,0,0,0,0,0,0,0,0,0,0,0,0,0,0,0,0,0,0,0,0,0,0,0,,
selja_grave,7/7/2022,4,NW,potentilla_erecta,1,1,1,1,1,1,1,0,1,0,0,0,0,0,0,0,0,0,0,0,0,0,0,0,0,0,0,0,0,0,,
selja_grave,7/7/2022,4,NW,juniperus_communis,1,1,0,1,0,0,0,0,0,0,0,0,0,0,0,0,0,0,0,0,0,0,0,0,0,0,0,0,0,0,,
selja_grave,7/7/2022,4,NW,vaccinium_myrtillus,1,1,1,1,1,1,1,1,1,0,0,0,0,0,0,0,0,0,0,0,0,0,0,0,0,0,0,0,0,0,,
selja_grave,7/7/2022,4,NW,viola_riviniana,1,0,0,0,0,1,0,0,0,0,0,0,0,0,0,0,0,0,0,0,0,0,0,0,0,0,0,0,0,0,,
selja_grave,7/7/2022,4,NW,calluna_vulgaris,1,1,1,1,1,1,1,0,1,0,0,0,0,0,0,0,0,0,0,0,0,0,0,0,0,0,0,0,0,0,,
selja_grave,7/7/2022,4,NW,polypodium_vulgare,1,1,1,1,0,0,1,1,1,0,0,0,0,0,0,0,0,0,0,0,0,0,0,0,0,0,0,0,0,0,,
selja_grave,7/7/2022,4,NW,empetrum_nigrum,1,1,1,1,1,0,0,0,0,0,0,0,0,0,0,0,0,0,0,0,0,0,0,0,0,0,0,0,0,0,,
selja_grave,7/7/2022,4,NW,veronica_officinalis,1,0,0,0,0,0,0,0,0,0,0,0,0,0,0,0,0,0,0,0,0,0,0,0,0,0,0,0,0,0,,
selja_grave,7/7/2022,4,NW,rumex_acetosa,1,0,0,0,1,0,0,0,0,0,0,0,0,0,0,0,0,0,0,0,0,0,0,0,0,0,0,0,0,0,,
selja_grave,7/7/2022,4,NW,pteridium_aquilinum,0,1,1,1,1,1,1,1,1,0,0,0,0,0,0,0,0,0,0,0,0,0,0,0,0,0,0,0,0,0,,
selja_grave,7/7/2022,4,NW,sedum_anglicum,0,1,1,1,0,0,1,0,0,0,0,0,0,0,0,0,0,0,0,0,0,0,0,0,0,0,0,0,0,0,,
selja_grave,7/7/2022,4,NW,veronica_chamaedrys,0,0,0,0,1,1,0,0,0,0,0,0,0,0,0,0,0,0,0,0,0,0,0,0,0,0,0,0,0,0,,
selja_grave,7/7/2022,4,NW,filipendula_ulmaria,0,0,0,0,1,0,0,0,0,0,0,0,0,0,0,0,0,0,0,0,0,0,0,0,0,0,0,0,0,0,,
selja_grave,7/7/2022,4,NW,valeriana_sambucifolia,0,0,0,0,1,1,0,0,1,0,0,0,0,0,0,0,0,0,0,0,0,0,0,0,0,0,0,0,0,0,,
selja_grave,7/7/2022,4,NW,lonicera_periclymenum,0,0,0,0,0,1,1,1,1,0,0,0,0,0,0,0,0,0,0,0,0,0,0,0,0,0,0,0,0,0,,
selja_grave,7/7/2022,4,NW,fragaria_cf.viridis,0,0,0,0,0,1,0,0,0,0,0,0,0,0,0,0,0,0,0,0,0,0,0,0,0,0,0,0,0,0,,c.f. viridis/vesca
selja_grave,7/7/2022,4,NW,sorbus_aucuparia,0,0,0,0,0,1,0,0,0,0,0,0,0,0,0,0,0,0,0,0,0,0,0,0,0,0,0,0,0,0,,
selja_grave,7/7/2022,4,NW,sorbus_sp.,0,0,0,0,0,1,0,0,0,0,0,0,0,0,0,0,0,0,0,0,0,0,0,0,0,0,0,0,0,0,sapling,
selja_grave,7/7/2022,4,NW,dryopteris_filix-mas,0,0,0,0,0,0,1,1,0,0,0,0,0,0,0,0,0,0,0,0,0,0,0,0,0,0,0,0,0,0,,
selja_grave,7/7/2022,4,NW,cf.corylus_avellana,0,0,0,0,0,0,0,1,0,0,0,0,0,0,0,0,0,0,0,0,0,0,0,0,0,0,0,0,0,0,,
selja_grave,7/7/2022,4,NW,athyrium_filix-femina,0,0,0,0,0,0,0,1,1,0,0,0,0,0,0,0,0,0,0,0,0,0,0,0,0,0,0,0,0,0,,
selja_grave,7/7/2022,4,NW,geranium_robertianum,0,0,0,0,0,0,0,0,1,0,0,0,0,0,0,0,0,0,0,0,0,0,0,0,0,0,0,0,0,0,,
selja_grave,7/7/2022,4,NW,geranium_sylvaticum,0,0,0,0,0,0,0,0,1,0,0,0,0,0,0,0,0,0,0,0,0,0,0,0,0,0,0,0,0,0,,
selja_grave,7/7/2022,7,E,oxalis_acetosella,1,1,0,0,1,1,0,0,1,0,0,0,1,0,0,1,0,0,0,0,0,0,0,0,0,0,1,0,0,0,,
selja_grave,7/7/2022,7,E,juniperus_communis,1,1,1,1,1,1,1,1,0,1,1,1,1,1,1,1,1,1,1,1,1,1,1,1,1,1,1,1,0,0,,
selja_grave,7/7/2022,7,E,plantago_lanceolata,1,0,0,0,1,0,0,0,0,0,0,1,0,0,0,0,0,0,0,0,0,0,0,0,0,0,0,0,0,0,,
selja_grave,7/7/2022,7,E,galium_saxatile,1,0,0,0,1,0,1,0,1,0,0,0,0,1,0,0,0,0,0,0,0,0,0,0,0,0,0,0,0,0,,
selja_grave,7/7/2022,7,E,potentilla_erecta,1,1,1,1,1,1,1,1,1,1,1,1,1,1,1,1,1,1,1,1,1,1,1,1,0,0,0,0,0,0,,
selja_grave,7/7/2022,7,E,vaccinium_myrtillus,1,1,1,1,1,1,1,1,1,1,1,1,1,1,1,1,1,1,1,1,1,1,1,1,0,0,0,0,0,0,,
selja_grave,7/7/2022,7,E,athyrium_filix-femina,1,1,0,0,0,1,0,0,0,1,1,1,1,1,1,1,1,1,1,1,1,1,1,1,1,1,1,1,0,0,,
selja_grave,7/7/2022,7,E,sedum_anglicum,1,1,0,0,0,0,0,0,0,0,0,0,0,0,0,0,0,0,0,0,0,0,0,0,0,0,0,0,0,0,,
selja_grave,7/7/2022,7,E,calluna_vulgaris,1,0,1,0,0,0,0,0,0,1,0,1,1,1,1,1,1,1,1,1,1,1,1,1,1,1,1,1,0,0,,
selja_grave,7/7/2022,7,E,rumex_acetosa,1,0,0,0,1,1,1,0,0,0,0,0,0,0,0,0,0,0,0,0,0,0,0,0,1,0,0,0,0,0,,
selja_grave,7/7/2022,7,E,cf.selinum_carvifolia,1,0,0,0,0,0,0,0,0,0,0,0,0,0,0,0,0,0,0,0,0,0,0,0,0,0,0,0,0,0,,
selja_grave,7/7/2022,7,E,empetrum_nigrum,0,1,0,0,1,1,0,0,1,0,0,0,0,0,0,0,0,0,0,0,0,0,0,0,0,0,0,0,0,0,,
selja_grave,7/7/2022,7,E,polypodium_vulgare,0,1,0,0,0,1,0,0,0,0,0,0,0,0,0,0,0,0,0,0,0,0,0,0,0,0,0,0,0,0,,
selja_grave,7/7/2022,7,E,veronica_officinalis,0,1,0,0,1,0,0,0,0,0,0,0,0,0,0,0,0,0,0,0,0,0,0,0,0,0,0,0,0,0,,
selja_grave,7/7/2022,7,E,picea_abies,0,0,1,0,0,0,0,0,0,0,0,0,0,0,0,0,0,0,0,0,0,0,0,0,0,0,0,0,0,0,,
selja_grave,7/7/2022,7,E,pteridium_aquilinum,0,0,1,1,1,1,1,1,1,1,1,1,1,1,1,1,1,1,1,1,1,1,1,1,0,0,0,0,0,0,,
selja_grave,7/7/2022,7,E,valeriana_sambucifolia,0,0,1,0,1,0,1,0,0,0,0,0,0,0,0,1,0,0,0,0,0,0,0,0,0,0,0,0,0,0,,
selja_grave,7/7/2022,7,E,lonicera_periclymenum,0,0,1,1,1,0,0,0,0,0,0,0,1,0,1,1,1,1,1,1,1,1,1,1,1,1,0,0,0,0,,
selja_grave,7/7/2022,7,E,trifolium_repens,0,0,0,0,1,0,0,0,0,0,0,1,0,0,0,0,0,0,0,0,0,0,0,0,0,0,0,0,0,0,,
selja_grave,7/7/2022,7,E,ranunculus_acris,0,0,0,0,1,0,0,0,1,0,1,0,1,0,0,0,0,0,0,0,0,0,0,0,0,0,1,0,0,0,,
selja_grave,7/7/2022,7,E,conopodium_majus,0,0,0,0,0,1,1,0,1,0,0,0,1,0,0,0,0,0,0,0,0,0,0,0,0,0,0,0,0,0,,
selja_grave,7/7/2022,7,E,sorbus_aucuparia,0,0,0,0,0,0,0,1,0,0,0,0,0,0,1,0,0,0,0,0,0,0,0,0,0,0,0,0,0,0,seedling,
selja_grave,7/7/2022,7,E,vicia_sepium,0,0,0,0,0,0,0,0,1,0,0,0,0,1,1,0,0,0,0,0,0,0,0,0,0,0,0,0,0,0,,
selja_grave,7/7/2022,7,E,primula_vulgaris,0,0,0,0,0,0,0,0,1,1,1,1,1,0,0,0,0,0,0,0,0,0,0,0,0,0,0,0,0,0,,
selja_grave,7/7/2022,7,E,vaccinium_vitis-idaea,0,0,0,0,0,0,0,0,0,1,0,0,0,0,0,0,0,0,0,0,0,0,0,0,0,0,1,0,0,0,,
selja_grave,7/7/2022,7,E,rhinanthus_minor,0,0,0,0,0,0,0,0,0,0,1,0,0,0,0,0,0,0,0,0,0,0,0,0,0,0,0,0,0,0,,
selja_grave,7/7/2022,7,E,veronica_chamaedrys,0,0,0,0,0,0,0,0,0,0,0,1,0,0,0,0,0,0,0,0,0,0,0,0,0,0,0,0,0,0,,
selja_grave,7/7/2022,7,E,sorbus_sp.,0,0,0,0,0,0,0,0,0,0,0,0,0,1,0,0,0,0,0,0,0,0,0,0,0,0,0,0,0,0,,
selja_grave,7/7/2022,7,E,cirsium_sp.,0,0,0,0,0,0,0,0,0,0,0,0,0,1,0,0,0,0,0,0,0,0,0,0,0,0,0,0,0,0,,
selja_grave,7/7/2022,7,E,digitalis_purpurea,0,0,0,0,0,0,0,0,0,0,0,0,0,1,0,0,0,0,0,0,0,0,0,0,0,0,0,0,0,0,,
selja_grave,7/7/2022,7,E,filipendula_ulmaria,0,0,0,0,0,0,0,0,0,0,0,0,0,0,0,0,0,0,0,0,0,0,0,0,1,0,0,0,0,0,,
selja_grave,7/7/2022,7,E,narthecium_ossifragum,0,0,0,0,0,0,0,0,0,0,0,0,0,0,0,0,0,0,0,0,0,0,0,0,1,0,0,0,0,0,,
selja_grave,7/7/2022,7,E,viola_palustris,0,0,0,0,0,0,0,0,0,0,0,0,0,0,0,0,0,0,0,0,0,0,0,0,1,0,0,0,0,0,,
selja_grave,7/7/2022,7,E,vaccinium_uliginosum,0,0,0,0,0,0,0,0,0,0,0,0,0,0,0,0,0,0,0,0,0,0,0,0,0,0,0,0,1,0,,
selja_kloster,7/4/2022,1,E,trifolium_repens,1,1,1,0,0,0,0,0,0,0,0,0,0,0,0,0,0,0,0,0,0,0,0,0,0,0,0,0,0,0,,
selja_kloster,7/4/2022,1,E,ranunculus_repens,1,1,1,1,1,0,0,0,0,0,0,0,0,0,0,0,0,0,0,0,0,0,0,0,0,0,0,0,0,0,,
selja_kloster,7/4/2022,1,E,leontodon_autumnalis,1,1,0,0,0,0,0,0,0,0,0,0,0,0,0,0,0,0,0,0,0,0,0,0,0,0,0,0,0,0,,
selja_kloster,7/4/2022,1,E,achillea_millefolium,1,1,0,0,0,0,0,0,0,0,0,0,0,0,0,0,0,0,0,0,0,0,0,0,0,0,0,0,0,0,,
selja_kloster,7/4/2022,1,E,plantago_major,1,1,1,0,0,0,0,0,0,0,0,0,0,0,0,0,0,0,0,0,0,0,0,0,0,0,0,0,0,0,,
selja_kloster,7/4/2022,1,E,taraxacum_officinale,0,1,1,0,0,0,0,0,0,0,0,0,0,0,0,0,0,0,0,0,0,0,0,0,0,0,0,0,0,0,,
selja_kloster,7/4/2022,1,E,prunella_vulgaris,0,0,1,0,0,0,0,0,0,0,0,0,0,0,0,0,0,0,0,0,0,0,0,0,0,0,0,0,0,0,,
selja_kloster,7/4/2022,1,E,cf.athyrium_filix-femina,0,0,1,0,0,0,0,0,0,0,0,0,0,0,0,0,0,0,0,0,0,0,0,0,0,0,0,0,0,0,,c.f. Athyrium
selja_kloster,7/4/2022,1,E,plantago_lanceolata,0,0,1,1,0,0,0,0,0,0,0,0,0,0,0,0,0,0,0,0,0,0,0,0,0,0,0,0,0,0,,
selja_kloster,7/4/2022,1,E,veronica_serpyllifolia,0,0,1,0,0,0,0,0,0,0,0,0,0,0,0,0,0,0,0,0,0,0,0,0,0,0,0,0,0,0,,
selja_kloster,7/4/2022,1,E,geranium_robertianum,0,0,1,0,0,0,0,0,0,0,0,0,0,0,0,0,0,0,0,0,0,0,0,0,0,0,0,0,0,0,,
selja_kloster,7/4/2022,1,E,crepis_sp.,0,0,1,1,0,0,0,0,0,0,0,0,0,0,0,0,0,0,0,0,0,0,0,0,0,0,0,0,0,0,,
selja_kloster,7/4/2022,1,E,asplenium_ruta-muraria,0,0,1,0,0,0,0,0,0,0,0,0,0,0,0,0,0,0,0,0,0,0,0,0,0,0,0,0,0,0,,
selja_kloster,7/4/2022,1,E,cf.cirsium_sp.,0,0,1,0,0,0,0,0,0,0,0,0,0,0,0,0,0,0,0,0,0,0,0,0,0,0,0,0,0,0,,c.f. Cirsium
selja_kloster,7/4/2022,1,E,cardamine_pratensis,0,0,1,0,0,0,0,0,0,0,0,0,0,0,0,0,0,0,0,0,0,0,0,0,0,0,0,0,0,0,,
selja_kloster,7/4/2022,1,E,campanula_sp.,0,0,1,0,0,0,0,0,0,0,0,0,0,0,0,0,0,0,0,0,0,0,0,0,0,0,0,0,0,0,growing out of the wall,
selja_kloster,7/4/2022,1,E,argentina/potentilla_anserina,0,0,1,0,0,0,0,0,0,0,0,0,0,0,0,0,0,0,0,0,0,0,0,0,0,0,0,0,0,0,,
selja_kloster,7/4/2022,1,E,myosotis_sp.,0,0,1,1,0,0,0,0,0,0,0,0,0,0,0,0,0,0,0,0,0,0,0,0,0,0,0,0,0,0,,
selja_kloster,7/4/2022,1,E,urtica_urens,0,0,1,1,1,1,0,0,0,0,0,0,0,0,0,0,0,0,0,0,0,0,0,0,0,0,0,0,0,0,,
selja_kloster,7/4/2022,1,E,stellaria_media,0,0,0,1,0,0,0,0,0,0,0,0,0,0,0,0,0,0,0,0,0,0,0,0,0,0,0,0,0,0,,
selja_kloster,7/4/2022,1,E,succisa_pratensis,0,0,0,0,0,0,0,0,0,0,0,0,0,0,0,0,0,0,0,0,0,0,0,0,0,0,0,0,0,0,,
selja_kloster,7/4/2022,1,E,calluna_vulgaris,0,0,0,0,1,1,0,0,0,0,0,0,0,0,0,0,0,0,0,0,0,0,0,0,0,0,0,0,0,0,,
selja_kloster,7/4/2022,1,E,juniperus_communis,0,0,0,0,1,1,0,0,0,0,0,0,0,0,0,0,0,0,0,0,0,0,0,0,0,0,0,0,0,0,,
selja_kloster,7/4/2022,1,E,empetrum_nigrum,0,0,0,0,1,1,0,0,0,0,0,0,0,0,0,0,0,0,0,0,0,0,0,0,0,0,0,0,0,0,,
selja_kloster,7/4/2022,1,E,potentilla_erecta,0,0,0,0,1,0,0,0,0,0,0,0,0,0,0,0,0,0,0,0,0,0,0,0,0,0,0,0,0,0,,
selja_kloster,7/4/2022,1,E,vaccinium_myrtillus,0,0,0,0,1,0,0,0,0,0,0,0,0,0,0,0,0,0,0,0,0,0,0,0,0,0,0,0,0,0,,
selja_kloster,7/4/2022,1,E,alchemilla_alpina,0,0,0,0,1,1,0,0,0,0,0,0,0,0,0,0,0,0,0,0,0,0,0,0,0,0,0,0,0,0,,
selja_kloster,7/4/2022,1,E,sorbus_aucuparia,0,0,0,0,1,0,0,0,0,0,0,0,0,0,0,0,0,0,0,0,0,0,0,0,0,0,0,0,0,0,seedling,
selja_kloster,7/4/2022,1,E,lotus_corniculatus,0,0,0,0,0,1,0,0,0,0,0,0,0,0,0,0,0,0,0,0,0,0,0,0,0,0,0,0,0,0,,
selja_kloster,7/4/2022,1,E,sedum_anglicum,0,0,0,0,0,1,0,0,0,0,0,0,0,0,0,0,0,0,0,0,0,0,0,0,0,0,0,0,0,0,,
selja_kloster,7/4/2022,1,E,dactylorhiza_maculata,0,0,0,0,0,1,0,0,0,0,0,0,0,0,0,0,0,0,0,0,0,0,0,0,0,0,0,0,0,0,,
selja_kloster,7/4/2022,1,E,polypodium_vulgare,0,0,0,0,0,1,0,0,0,0,0,0,0,0,0,0,0,0,0,0,0,0,0,0,0,0,0,0,0,0,,
selja_kloster,7/4/2022,1,E,hypericum_pulchrum,0,0,0,0,0,1,0,0,0,0,0,0,0,0,0,0,0,0,0,0,0,0,0,0,0,0,0,0,0,0,,
selja_kloster,7/4/2022,2,SE,trifolium_repens,1,1,1,1,1,1,1,1,1,1,1,1,1,1,1,1,0,1,1,1,1,1,1,1,0,0,0,0,0,0,,
selja_kloster,7/4/2022,2,SE,ranunculus_repens,1,1,1,1,1,1,1,1,1,1,1,1,1,1,1,1,1,1,1,1,1,0,0,0,0,0,0,0,0,0,,
selja_kloster,7/4/2022,2,SE,leontodon_cf.autumnalis,1,1,1,1,1,1,1,1,1,1,1,0,0,0,0,0,0,0,0,0,0,0,0,0,0,0,0,0,0,0,,c.f. species
selja_kloster,7/4/2022,2,SE,achillea_millefolium,1,1,0,0,0,0,1,1,1,1,0,0,0,0,0,0,1,1,1,0,1,1,1,1,0,0,0,0,0,0,,
selja_kloster,7/4/2022,2,SE,taraxacum_officinale,0,1,0,0,1,0,0,1,0,0,0,0,0,1,0,0,0,0,0,0,1,0,1,0,0,0,0,0,0,0,,
selja_kloster,7/4/2022,2,SE,plantago_media,0,0,1,0,1,0,0,0,0,0,0,0,0,0,0,0,0,0,0,0,0,0,0,0,0,0,0,0,0,0,,
selja_kloster,7/4/2022,2,SE,plantago_major,0,0,1,0,1,1,0,0,0,0,0,0,0,0,0,0,0,0,0,0,1,0,0,0,0,0,0,0,0,0,,
selja_kloster,7/4/2022,2,SE,trifolium_pratense,0,0,1,0,0,0,0,0,0,1,0,0,0,0,0,1,0,0,1,1,1,1,1,1,0,0,0,0,0,0,,
selja_kloster,7/4/2022,2,SE,alchemilla_alpnia,0,0,1,0,0,0,0,0,0,0,0,0,0,0,0,0,0,0,0,0,0,0,0,0,0,0,0,0,0,0,,
selja_kloster,7/4/2022,2,SE,prunella_vulgaris,0,0,1,0,0,1,1,1,1,1,1,0,0,0,0,0,0,0,0,1,1,0,0,0,0,0,0,0,0,0,,
selja_kloster,7/4/2022,2,SE,myosotis_sp.,0,0,1,1,0,0,0,0,0,0,0,0,0,0,0,0,0,0,0,0,0,0,0,0,0,0,0,0,0,0,growing out of the wall,
selja_kloster,7/4/2022,2,SE,crepis_sp.,0,0,1,0,0,0,0,0,0,0,0,0,0,0,0,0,0,0,0,0,0,0,0,0,0,0,0,0,0,0,growing out of the wall,
selja_kloster,7/4/2022,2,SE,viola_palustris,0,0,1,0,0,0,0,0,1,1,0,0,0,0,0,0,0,0,0,0,0,0,0,0,0,0,0,0,0,0,growing out of the wall at 11m,
selja_kloster,7/4/2022,2,SE,urtica_urens,0,0,1,0,0,0,0,0,0,0,0,0,0,0,0,0,0,0,0,0,0,0,0,0,0,0,0,0,0,0,,
selja_kloster,7/4/2022,2,SE,veronica_serpyllifolia,0,0,1,0,0,0,0,0,0,0,0,0,0,0,0,0,0,0,0,0,0,0,0,0,0,0,0,0,0,0,,
selja_kloster,7/4/2022,2,SE,veronica_officinalis,0,0,1,0,0,0,0,0,0,0,1,0,0,0,0,0,0,0,0,0,0,0,0,1,0,0,0,0,0,0,,
selja_kloster,7/4/2022,2,SE,urtica_dioica,0,0,0,0,1,0,0,0,0,0,0,0,0,0,0,0,1,0,0,0,0,0,0,0,0,0,0,0,0,0,,
selja_kloster,7/4/2022,2,SE,cf.urtica_urens,0,0,0,0,1,0,0,0,0,0,0,0,0,0,0,0,0,0,0,0,0,0,0,0,0,0,0,0,0,0,,c.f. urtica
selja_kloster,7/4/2022,2,SE,cf.hypochaeris_radicata,0,0,0,0,1,0,0,0,0,0,0,0,1,0,0,0,0,0,0,0,0,0,0,0,0,0,0,0,0,0,,c.f. hypochaeri
selja_kloster,7/4/2022,2,SE,plantago_lanceolata,0,0,0,0,0,0,1,0,1,0,0,0,0,1,1,1,0,0,0,1,0,0,0,0,0,0,0,0,0,0,,
selja_kloster,7/4/2022,2,SE,cerastium_fontanum,0,0,0,0,0,0,1,1,1,0,0,0,0,0,0,0,0,0,0,0,0,0,1,0,0,0,0,0,0,0,,
selja_kloster,7/4/2022,2,SE,ranunculus_acris,0,0,0,0,0,0,1,0,0,1,1,1,1,1,1,0,1,1,0,1,0,0,0,0,0,0,0,0,0,0,,
selja_kloster,7/4/2022,2,SE,conopodium_majus,0,0,0,0,0,0,0,1,1,1,1,1,1,1,1,1,1,1,1,1,0,0,0,0,0,0,0,0,0,0,,
selja_kloster,7/4/2022,2,SE,potentilla_erecta,0,0,0,0,0,0,0,0,1,0,1,0,0,0,0,0,0,0,0,0,1,0,0,0,0,0,0,0,0,0,,
selja_kloster,7/4/2022,2,SE,succisa_pratensis,0,0,0,0,0,0,0,0,1,1,1,1,1,1,1,0,1,1,1,0,1,1,1,1,0,0,0,0,0,0,,
selja_kloster,7/4/2022,2,SE,primula_vulgaris,0,0,0,0,0,0,0,0,1,1,1,1,1,1,1,0,0,1,1,1,0,0,0,0,0,0,0,0,0,0,,
selja_kloster,7/4/2022,2,SE,cirsium_sp.,0,0,0,0,0,0,0,0,1,0,0,0,0,0,0,0,0,0,0,0,0,0,0,0,0,0,0,0,0,0,,
selja_kloster,7/4/2022,2,SE,galium_saxatile,0,0,0,0,0,0,0,0,0,1,0,0,0,0,0,0,0,0,0,0,0,0,0,0,0,0,0,0,0,0,,
selja_kloster,7/4/2022,2,SE,empetrum_nigrum,0,0,0,0,0,0,0,0,0,1,0,0,1,0,0,0,0,1,0,0,0,0,0,0,0,0,0,0,0,0,,
selja_kloster,7/4/2022,2,SE,cf.selinum_sp.,0,0,0,0,0,0,0,0,0,1,0,0,1,1,0,0,0,0,1,0,0,0,0,0,0,0,0,0,0,0,,c.f. selinum
selja_kloster,7/4/2022,2,SE,rumex_acetosa,0,0,0,0,0,0,0,0,0,1,0,0,1,0,1,0,1,1,1,1,1,0,0,0,0,0,0,0,0,0,,
selja_kloster,7/4/2022,2,SE,alchemilla_sp.,0,0,0,0,0,0,0,0,0,1,0,0,0,0,0,0,1,0,0,0,0,0,1,0,0,0,0,0,0,0,,
selja_kloster,7/4/2022,2,SE,hypericum_maculatum_obtusiusculum,0,0,0,0,0,0,0,0,0,1,1,1,1,1,1,0,0,1,1,1,1,1,1,1,0,0,0,0,0,0,,"transparent glands, 50° branching angle"
selja_kloster,7/4/2022,2,SE,cirsium_palustre,0,0,0,0,0,0,0,0,0,0,1,1,0,0,0,0,0,0,0,0,0,0,0,0,0,0,0,0,0,0,,
selja_kloster,7/4/2022,2,SE,viola_riviniana,0,0,0,0,0,0,0,0,0,0,0,1,0,0,1,0,0,0,0,0,0,0,0,0,0,0,0,0,0,0,,
selja_kloster,7/4/2022,2,SE,filipendula_ulmaria,0,0,0,0,0,0,0,0,0,0,0,1,0,0,0,0,0,0,0,0,0,0,0,0,0,0,0,0,0,0,,
selja_kloster,7/4/2022,2,SE,athyrium_filix-femina,0,0,0,0,0,0,0,0,0,0,0,0,1,0,0,0,0,0,0,0,0,0,0,0,0,0,0,0,0,0,,
selja_kloster,7/4/2022,2,SE,vaccinium_myrtillus,0,0,0,0,0,0,0,0,0,0,0,0,1,0,0,0,0,0,0,0,0,0,0,0,0,0,0,0,0,0,,
selja_kloster,7/4/2022,2,SE,cardamine_sp.,0,0,0,0,0,0,0,0,0,0,0,0,1,0,0,0,1,1,1,0,0,0,0,0,0,0,0,0,0,0,,
selja_kloster,7/4/2022,2,SE,juniperus_communis,0,0,0,0,0,0,0,0,0,0,0,0,1,0,1,0,0,0,0,0,0,0,0,0,0,0,0,0,0,0,,
selja_kloster,7/4/2022,2,SE,epilobium_montanum,0,0,0,0,0,0,0,0,0,0,0,0,1,0,0,0,0,0,0,0,0,0,0,0,0,0,0,0,0,0,,
selja_kloster,7/4/2022,2,SE,vaccinium_vitis-idaea,0,0,0,0,0,0,0,0,0,0,0,0,0,1,0,0,0,0,0,0,0,0,1,0,0,0,0,0,0,0,,
selja_kloster,7/4/2022,2,SE,fragaria_cf.viridis,0,0,0,0,0,0,0,0,0,0,0,0,0,0,1,0,0,0,0,0,0,0,0,0,0,0,0,0,0,0,,c.f. viridis
selja_kloster,7/4/2022,2,SE,hypochaeris_cf.maculata,0,0,0,0,0,0,0,0,0,0,0,0,0,0,1,0,0,0,0,0,0,0,0,0,0,0,0,0,0,0,,c.f. maculata
selja_kloster,7/4/2022,2,SE,alchemilla_alpina,0,0,0,0,0,0,0,0,0,0,0,0,0,0,0,0,0,0,1,0,1,1,1,1,0,0,0,0,0,0,,
selja_kloster,7/4/2022,2,SE,valeriana_sambucifolia,0,0,0,0,0,0,0,0,0,0,0,0,0,0,0,0,0,1,1,0,0,0,1,0,0,0,0,0,0,0,,
selja_kloster,7/4/2022,2,SE,galium_album,0,0,0,0,0,0,0,0,0,0,0,0,0,0,0,0,0,0,1,1,1,0,0,0,0,0,0,0,0,0,,
selja_kloster,7/4/2022,2,SE,cardamine_pratensis,0,0,0,0,0,0,0,0,0,0,0,0,0,0,0,0,0,0,1,1,0,0,0,0,0,0,0,0,0,0,,
selja_kloster,7/4/2022,2,SE,rumex_crispus,0,0,0,0,0,0,0,0,0,0,0,0,0,0,0,0,0,0,0,1,0,0,0,0,0,0,0,0,0,0,,
selja_kloster,7/4/2022,2,SE,stachys_sylvatica,0,0,0,0,0,0,0,0,0,0,0,0,0,0,0,0,0,0,0,1,0,0,0,0,0,0,0,0,0,0,,
selja_kloster,7/4/2022,2,SE,euphrasia_arctica,0,0,0,0,0,0,0,0,0,0,0,0,0,0,0,0,0,0,0,0,1,0,1,0,0,0,0,0,0,0,,
selja_kloster,7/4/2022,2,SE,pinguicula_vulgaris,0,0,0,0,0,0,0,0,0,0,0,0,0,0,0,0,0,0,0,0,1,0,0,0,0,0,0,0,0,0,,
selja_kloster,7/4/2022,2,SE,calluna_vulgaris,0,0,0,0,0,0,0,0,0,0,0,0,0,0,0,0,0,0,0,0,1,1,1,1,0,0,0,0,0,0,,
selja_kloster,7/4/2022,2,SE,lotus_corniculatus,0,0,0,0,0,0,0,0,0,0,0,0,0,0,0,0,0,0,0,0,1,1,1,1,0,0,0,0,0,0,,
selja_kloster,7/4/2022,2,SE,dactylorhiza_maculata,0,0,0,0,0,0,0,0,0,0,0,0,0,0,0,0,0,0,0,0,1,1,1,1,0,0,0,0,0,0,,ssp. Indicator: central lip of the flower is not elongated
selja_kloster,7/4/2022,2,SE,hypochaeris_radicata,0,0,0,0,0,0,0,0,0,0,0,0,0,0,0,0,0,0,0,0,0,1,1,1,0,0,0,0,0,0,,
selja_kloster,7/4/2022,2,SE,aquilegia_vulgaris,0,0,0,0,0,0,0,0,0,0,0,0,0,0,0,0,0,0,0,0,0,0,1,0,0,0,0,0,0,0,,
selja_kloster,7/4/2022,2,SE,sedum_album,0,0,0,0,0,0,0,0,0,0,0,0,0,0,0,0,0,0,0,0,0,0,1,0,0,0,0,0,0,0,,
selja_kloster,7/5/2022,3,S,trifolium_repens,1,1,1,1,1,1,1,0,0,0,0,0,0,0,0,0,0,0,0,0,0,0,0,0,0,0,0,0,0,0,,
selja_kloster,7/5/2022,3,S,ranunculus_repens,1,1,0,0,1,1,1,1,1,0,0,0,0,0,0,0,0,0,0,0,0,0,0,0,0,0,0,0,0,0,,
selja_kloster,7/5/2022,3,S,leontodon_cf.autumnalis,1,1,1,1,1,1,0,0,0,0,0,0,0,0,0,0,0,0,0,0,0,0,0,0,0,0,0,0,0,0,,c.f. autumnalis
selja_kloster,7/5/2022,3,S,plantago_lanceolata,1,1,1,1,1,1,1,0,0,0,0,0,0,0,0,0,0,0,0,0,0,0,0,0,0,0,0,0,0,0,,
selja_kloster,7/5/2022,3,S,achillea_millefolium,1,1,0,1,0,0,0,0,0,0,0,0,0,0,0,0,0,0,0,0,0,0,0,0,0,0,0,0,0,0,,
selja_kloster,7/5/2022,3,S,plantago_major,0,1,1,0,0,0,0,0,0,0,0,0,0,0,0,0,0,0,0,0,0,0,0,0,0,0,0,0,0,0,,
selja_kloster,7/5/2022,3,S,campanula_sp.,0,0,1,0,0,0,0,0,0,0,0,0,0,0,0,0,0,0,0,0,0,0,0,0,0,0,0,0,0,0,grows on the wall,
selja_kloster,7/5/2022,3,S,prunella_vulgaris,0,0,1,1,0,0,0,0,0,0,0,0,0,0,0,0,0,0,0,0,0,0,0,0,0,0,0,0,0,0,,
selja_kloster,7/5/2022,3,S,alchemilla_alpina,0,0,0,1,0,0,0,0,0,0,0,0,0,0,0,0,0,0,0,0,0,0,0,0,0,0,0,0,0,0,,
selja_kloster,7/5/2022,3,S,sedum_anglicum,0,0,0,1,0,0,0,0,0,0,0,0,0,0,0,0,0,0,0,0,0,0,0,0,0,0,0,0,0,0,,
selja_kloster,7/5/2022,3,S,veronica_officinalis,0,0,0,0,1,0,0,0,0,0,0,0,0,0,0,0,0,0,0,0,0,0,0,0,0,0,0,0,0,0,,
selja_kloster,7/5/2022,3,S,rumex_acetosa,0,0,0,0,0,0,1,1,0,0,0,0,0,0,0,0,0,0,0,0,0,0,0,0,0,0,0,0,0,0,,
selja_kloster,7/5/2022,3,S,galium_saxatile,0,0,0,0,0,0,0,1,1,0,0,0,0,0,0,0,0,0,0,0,0,0,0,0,0,0,0,0,0,0,,
selja_kloster,7/5/2022,3,S,hypochaeris_radicata,0,0,0,0,0,0,0,1,0,0,0,0,0,0,0,0,0,0,0,0,0,0,0,0,0,0,0,0,0,0,,
selja_kloster,7/5/2022,3,S,apiaceae_sp.,0,0,0,0,0,0,1,1,0,0,0,0,0,0,0,0,0,0,0,0,0,0,0,0,0,0,0,0,0,0,,
selja_kloster,7/5/2022,3,S,vaccinium_myrtillus,0,0,0,0,0,0,0,0,1,1,1,0,0,0,0,0,0,0,0,0,0,0,0,0,0,0,0,0,0,0,,
selja_kloster,7/5/2022,3,S,vaccinium_vitis-ideae,0,0,0,0,0,0,0,0,1,1,1,0,0,0,0,0,0,0,0,0,0,0,0,0,0,0,0,0,0,0,,
selja_kloster,7/5/2022,3,S,empetrum_nigrum,0,0,0,0,0,0,0,0,1,1,1,0,0,0,0,0,0,0,0,0,0,0,0,0,0,0,0,0,0,0,,
selja_kloster,7/5/2022,3,S,juniperus_communis,0,0,0,0,0,0,0,0,1,1,0,0,0,0,0,0,0,0,0,0,0,0,0,0,0,0,0,0,0,0,,
selja_kloster,7/5/2022,3,S,selinum_sp.,0,0,0,0,0,0,0,1,0,0,0,0,0,0,0,0,0,0,0,0,0,0,0,0,0,0,0,0,0,0,,
selja_kloster,7/5/2022,3,S,calluna_vulgaris,0,0,0,0,0,0,0,0,1,1,1,0,0,0,0,0,0,0,0,0,0,0,0,0,0,0,0,0,0,0,,
selja_kloster,7/5/2022,3,S,potentilla_erecta,0,0,0,0,0,0,0,0,1,1,1,0,0,0,0,0,0,0,0,0,0,0,0,0,0,0,0,0,0,0,,
selja_kloster,7/5/2022,3,S,vaccinium_uliginosum,0,0,0,0,0,0,0,0,1,1,1,0,0,0,0,0,0,0,0,0,0,0,0,0,0,0,0,0,0,0,,
selja_kloster,7/5/2022,3,S,athyrium_filix-femina,0,0,0,0,0,0,0,0,0,1,0,0,0,0,0,0,0,0,0,0,0,0,0,0,0,0,0,0,0,0,,
selja_kloster,7/5/2022,3,S,pinguicula_vulgaris,0,0,0,0,0,0,0,0,0,1,1,0,0,0,0,0,0,0,0,0,0,0,0,0,0,0,0,0,0,0,,
selja_kloster,7/5/2022,3,S,dactylorhiza_maculata,0,0,0,0,0,0,0,0,0,0,1,0,0,0,0,0,0,0,0,0,0,0,0,0,0,0,0,0,0,0,,
selja_kloster,7/5/2022,3,S,blechnum_spicant,0,0,0,0,0,0,0,0,0,1,1,0,0,0,0,0,0,0,0,0,0,0,0,0,0,0,0,0,0,0,,
selja_kloster,7/5/2022,3,S,trientalis_europaea,0,0,0,0,0,0,0,0,0,0,1,0,0,0,0,0,0,0,0,0,0,0,0,0,0,0,0,0,0,0,,
selja_kloster,7/5/2022,4,SW,trifolium_repens,1,1,1,0,0,1,1,1,1,1,0,0,0,0,0,0,0,0,0,0,0,0,0,0,0,0,0,0,0,0,,
selja_kloster,7/5/2022,4,SW,ranunculus_repens,1,1,1,0,1,1,1,1,0,0,0,0,0,0,0,0,0,0,0,0,0,0,0,0,0,0,0,0,0,0,,
selja_kloster,7/5/2022,4,SW,plantago_lanceolata,1,1,1,1,0,1,0,1,0,0,0,0,0,0,0,0,0,0,0,0,0,0,0,0,0,0,0,0,0,0,,
selja_kloster,7/5/2022,4,SW,leontodon_autumnalis,1,1,1,0,0,0,0,0,0,0,0,0,0,0,0,0,0,0,0,0,0,0,0,0,0,0,0,0,0,0,,
selja_kloster,7/5/2022,4,SW,achillea_millefolium,1,1,1,0,0,0,0,0,0,0,0,0,0,0,0,0,0,0,0,0,0,0,0,0,0,0,0,0,0,0,,
selja_kloster,7/5/2022,4,SW,plantago_media,1,1,1,0,0,0,0,0,0,0,0,0,0,0,0,0,0,0,0,0,0,0,0,0,0,0,0,0,0,0,,
selja_kloster,7/5/2022,4,SW,alchemilla_alpina,0,1,0,0,0,0,0,0,0,0,0,0,0,0,0,0,0,0,0,0,0,0,0,0,0,0,0,0,0,0,,
selja_kloster,7/5/2022,4,SW,prunella_vulgaris,0,1,1,1,1,0,0,0,0,0,0,0,0,0,0,0,0,0,0,0,0,0,0,0,0,0,0,0,0,0,,
selja_kloster,7/5/2022,4,SW,plantago_major,0,1,1,1,0,0,0,0,0,0,0,0,0,0,0,0,0,0,0,0,0,0,0,0,0,0,0,0,0,0,,
selja_kloster,7/5/2022,4,SW,rumex_acetosa,0,0,1,0,0,0,1,1,1,1,1,0,0,0,0,0,0,0,0,0,0,0,0,0,0,0,0,0,0,0,,
selja_kloster,7/5/2022,4,SW,geranium_robertianum,0,0,0,1,0,0,0,0,0,0,0,0,0,0,0,0,0,0,0,0,0,0,0,0,0,0,0,0,0,0,growing in the wall,
selja_kloster,7/5/2022,4,SW,crepis_sp.,0,0,0,1,0,0,0,1,0,0,0,0,0,0,0,0,0,0,0,0,0,0,0,0,0,0,0,0,0,0,,
selja_kloster,7/5/2022,4,SW,veronica_serpyllifolia,0,0,0,0,1,0,0,0,0,0,0,0,0,0,0,0,0,0,0,0,0,0,0,0,0,0,0,0,0,0,growing in the wall,
selja_kloster,7/5/2022,4,SW,cerastium_fontanum,0,0,0,0,0,0,1,0,0,0,0,0,0,0,0,0,0,0,0,0,0,0,0,0,0,0,0,0,0,0,,
selja_kloster,7/5/2022,4,SW,cardamine_pratensis,0,0,0,0,0,0,1,0,0,0,0,0,0,0,0,0,0,0,0,0,0,0,0,0,0,0,0,0,0,0,,
selja_kloster,7/5/2022,4,SW,cerastium_sp.,0,0,0,0,0,0,0,1,0,0,0,0,0,0,0,0,0,0,0,0,0,0,0,0,0,0,0,0,0,0,,
selja_kloster,7/5/2022,4,SW,oxalis_acetosella,0,0,0,0,0,0,0,0,1,0,1,0,1,1,1,0,0,0,0,0,0,0,0,0,0,0,0,0,0,0,,
selja_kloster,7/5/2022,4,SW,trientalis_europaea,0,0,0,0,0,0,0,0,0,1,0,1,1,1,1,0,0,0,0,0,1,1,1,1,1,1,1,1,1,0,,
selja_kloster,7/5/2022,4,SW,potentilla_erecta,0,0,0,0,0,0,0,0,0,1,1,1,1,1,1,1,1,1,1,1,1,1,1,1,1,1,1,1,1,1,,
selja_kloster,7/5/2022,4,SW,equisetum_cf.arvense,0,0,0,0,0,0,0,0,0,0,1,1,1,1,1,0,0,0,0,0,0,0,0,0,0,0,0,0,0,0,,c.f. arvense
selja_kloster,7/5/2022,4,SW,vaccinium_vitis-ideae,0,0,0,0,0,0,0,0,0,0,0,1,1,1,1,0,1,0,1,1,1,1,1,1,1,1,1,1,1,1,,
selja_kloster,7/5/2022,4,SW,vaccinium_myrtillus,0,0,0,0,0,0,0,0,0,0,0,0,1,1,1,1,1,0,1,1,1,1,1,1,1,1,1,1,1,1,,
selja_kloster,7/5/2022,4,SW,juniperus_communis,0,0,0,0,0,0,0,0,0,0,0,0,0,1,1,0,0,0,1,0,0,1,1,0,0,0,0,0,1,0,,
selja_kloster,7/5/2022,4,SW,vaccinium_uliginosum,0,0,0,0,0,0,0,0,0,0,0,0,0,1,1,0,1,1,1,0,0,0,0,1,1,1,1,1,1,1,,
selja_kloster,7/5/2022,4,SW,calluna_vulgaris,0,0,0,0,0,0,0,0,0,0,0,0,1,1,1,1,1,1,1,1,1,1,1,1,1,1,1,1,1,1,,
selja_kloster,7/5/2022,4,SW,empetrum_nigrum,0,0,0,0,0,0,0,0,0,0,0,0,0,1,1,0,1,1,1,0,1,0,0,0,0,0,1,0,0,0,,
selja_kloster,7/5/2022,4,SW,lysimachia_nemorum,0,0,0,0,0,0,0,0,0,0,0,0,0,0,0,1,1,0,1,1,1,0,1,1,1,1,1,1,1,1,,
selja_kloster,7/5/2022,4,SW,dactylorhiza_maculata,0,0,0,0,0,0,0,0,0,0,0,0,0,0,0,0,0,0,0,1,0,0,0,0,0,0,0,0,0,0,,
selja_kloster,7/5/2022,4,SW,valeriana_sambucifolia,0,0,0,0,0,0,0,0,0,0,0,0,0,0,0,0,0,0,0,0,1,0,0,0,0,0,0,0,0,0,,
selja_kloster,7/5/2022,4,SW,narthecium_ossifragum,0,0,0,0,0,0,0,0,0,0,0,0,0,0,0,1,1,1,0,0,1,0,0,0,0,0,0,0,0,0,,
selja_kloster,7/5/2022,4,SW,viola_palustris,0,0,0,0,0,0,0,0,0,0,0,0,0,0,0,0,0,0,0,0,0,0,1,0,0,0,0,0,0,0,,
selja_kloster,7/5/2022,4,SW,polypodium_vulgare,0,0,0,0,0,0,0,0,0,0,0,0,0,0,0,0,0,0,0,0,0,0,0,0,0,0,0,0,1,0,,
selja_kloster,7/5/2022,4,SW,vaccinium_oxycoccos,0,0,0,0,0,0,0,0,0,0,0,0,0,0,0,0,0,0,0,0,0,0,0,0,0,0,0,0,0,1,,
selja_kloster,7/5/2022,5,W,trifolium_repens,1,1,1,1,1,1,1,1,1,1,1,1,1,1,0,0,0,0,0,0,0,0,0,0,0,0,0,0,0,0,,
selja_kloster,7/5/2022,5,W,ranunculus_repens,1,1,1,1,1,1,1,1,1,1,1,1,1,1,0,0,0,0,0,0,0,0,0,0,0,0,0,0,0,0,,
selja_kloster,7/5/2022,5,W,leontodon_autumnalis,1,1,1,1,1,1,1,1,0,0,0,0,0,0,1,0,0,0,0,0,0,0,0,0,0,0,0,0,0,0,,
selja_kloster,7/5/2022,5,W,plantago_lanceolata,1,1,1,1,1,1,0,0,0,0,0,0,0,0,0,0,0,0,0,0,0,0,0,0,0,0,0,0,0,0,,
selja_kloster,7/5/2022,5,W,alchemilla_millefolium,1,1,1,1,0,0,1,1,0,0,0,0,0,0,0,0,0,0,0,0,0,0,0,0,0,0,0,0,0,0,,
selja_kloster,7/5/2022,5,W,prunella_vulgaris,0,1,1,1,0,0,0,0,0,0,0,0,0,0,0,0,0,0,0,0,0,0,0,0,0,0,0,0,0,0,,
selja_kloster,7/5/2022,5,W,myosotis_sp.,0,0,1,0,0,0,0,0,0,0,0,0,0,0,0,0,0,0,0,0,0,0,0,0,0,0,0,0,0,0,,
selja_kloster,7/5/2022,5,W,veronica_officinalis,0,0,1,1,0,0,0,0,0,0,0,0,0,0,0,0,0,0,0,0,0,0,0,0,0,0,0,0,0,0,,
selja_kloster,7/5/2022,5,W,plantago_major,0,0,1,1,0,0,0,0,0,0,0,0,0,0,0,0,0,0,0,0,0,0,0,0,0,0,0,0,0,0,,
selja_kloster,7/5/2022,5,W,fragaria_cf.viridis,0,0,1,1,0,0,0,0,0,0,0,0,0,0,0,0,0,0,0,0,0,0,0,0,0,0,0,0,0,0,,c.f. viridis
selja_kloster,7/5/2022,5,W,alchemilla_alpina,0,0,1,1,0,0,0,0,0,0,0,0,0,0,0,0,0,0,0,0,0,0,0,0,0,0,0,0,0,0,,
selja_kloster,7/5/2022,5,W,cerastium_fontanum,0,0,0,1,0,0,1,0,0,0,0,0,0,0,0,0,0,0,0,0,0,0,0,0,0,0,0,0,0,0,,
selja_kloster,7/5/2022,5,W,campanula_sp.,0,0,0,1,0,0,0,0,0,0,0,0,0,0,0,0,0,0,0,0,0,0,0,0,0,0,0,0,0,0,,
selja_kloster,7/5/2022,5,W,geranium_robertianum,0,0,0,0,1,0,0,0,0,0,0,0,0,0,0,0,0,0,0,0,0,0,0,0,0,0,0,0,0,0,,
selja_kloster,7/5/2022,5,W,athyrium_filix-femina,0,0,0,0,1,0,0,0,0,0,0,0,0,0,0,0,0,0,0,0,0,0,0,0,0,0,0,0,0,0,,
selja_kloster,7/5/2022,5,W,rumex_acetosa,0,0,0,0,1,1,1,1,1,1,1,1,1,1,1,0,0,0,0,0,0,0,0,0,0,1,0,0,0,0,,
selja_kloster,7/5/2022,5,W,taraxacum_officinale,0,0,0,0,1,1,1,0,0,0,0,0,0,0,0,0,0,0,0,0,0,0,0,0,0,0,0,0,0,0,,
selja_kloster,7/5/2022,5,W,cardamine_pratensis,0,0,0,0,1,0,0,0,0,0,0,0,0,0,0,0,0,0,0,0,0,0,0,0,0,0,0,0,0,0,,
selja_kloster,7/5/2022,5,W,cirsium_sp.,0,0,0,0,0,0,0,0,0,0,0,0,1,1,1,1,0,0,0,0,0,0,0,0,0,0,0,0,0,0,,
selja_kloster,7/5/2022,5,W,cirsium_palustre,0,0,0,0,0,0,0,0,0,0,0,0,0,1,1,1,1,0,0,0,0,0,0,0,0,0,0,0,0,0,,
selja_kloster,7/5/2022,5,W,epilobium_palustre,0,0,0,0,0,0,0,0,0,0,0,0,0,0,1,1,1,0,0,0,0,0,0,0,0,0,0,0,0,0,,
selja_kloster,7/5/2022,5,W,trientalis_europaea,0,0,0,0,0,0,0,0,0,0,0,0,0,0,0,1,1,1,1,1,1,1,1,1,0,1,1,1,1,1,,
selja_kloster,7/5/2022,5,W,potentilla_erecta,0,0,0,0,0,0,0,0,0,0,0,0,0,0,0,0,1,1,1,1,1,1,1,1,1,1,1,1,1,1,,
selja_kloster,7/5/2022,5,W,calluna_vulgaris,0,0,0,0,0,0,0,0,0,0,0,0,0,0,0,0,1,1,1,1,1,1,1,1,1,1,1,1,1,1,,
selja_kloster,7/5/2022,5,W,vaccinium_vitis-ideae,0,0,0,0,0,0,0,0,0,0,0,0,0,0,0,0,1,1,1,1,1,1,1,1,1,1,1,1,1,1,,
selja_kloster,7/5/2022,5,W,vaccinium_oxycoccos,0,0,0,0,0,0,0,0,0,0,0,0,0,0,0,0,0,1,1,1,1,1,1,1,1,1,1,1,1,1,,
selja_kloster,7/5/2022,5,W,vaccinium_myrtillus,0,0,0,0,0,0,0,0,0,0,0,0,0,0,0,0,0,1,1,1,1,1,1,1,1,1,1,1,1,1,,
selja_kloster,7/5/2022,5,W,juniperus_communis,0,0,0,0,0,0,0,0,0,0,0,0,0,0,0,0,0,0,1,1,1,1,1,1,1,0,0,1,1,1,,
selja_kloster,7/5/2022,5,W,vaccinium_uliginosum,0,0,0,0,0,0,0,0,0,0,0,0,0,0,0,0,0,0,1,1,1,1,1,1,1,0,1,1,1,1,,
selja_kloster,7/5/2022,5,W,cornus_suecia,0,0,0,0,0,0,0,0,0,0,0,0,0,0,0,0,0,0,0,0,1,1,1,1,1,0,0,0,0,1,,
selja_kloster,7/5/2022,5,W,andromeda_polifolia,0,0,0,0,0,0,0,0,0,0,0,0,0,0,0,0,0,0,0,0,1,0,0,0,0,0,0,0,0,0,,
selja_kloster,7/5/2022,5,W,valeriana_sambucifolia,0,0,0,0,0,0,0,0,0,0,0,0,0,0,0,0,0,0,0,0,0,0,0,0,1,1,0,0,0,0,,
selja_kloster,7/5/2022,6,NW,trifolium_repens,1,1,1,0,1,1,1,1,1,0,0,0,0,0,0,0,1,0,0,0,0,0,0,0,0,0,0,0,0,0,,
selja_kloster,7/5/2022,6,NW,ranunculus_repens,1,1,1,1,1,1,1,1,1,1,1,1,1,0,0,0,0,0,0,0,0,0,0,0,0,0,0,0,0,0,,
selja_kloster,7/5/2022,6,NW,plantago_lanceolata,1,1,1,1,1,1,1,1,0,1,1,1,1,0,0,0,0,0,0,0,0,0,0,0,0,0,0,0,0,0,,
selja_kloster,7/5/2022,6,NW,leontodon_autumnalis,1,1,1,0,1,0,0,0,0,0,0,0,0,0,0,0,0,0,0,0,0,0,0,0,0,0,0,0,0,0,,
selja_kloster,7/5/2022,6,NW,achillea_millefolium,1,1,1,1,1,1,1,0,0,0,0,0,0,0,0,0,1,0,0,0,0,0,0,0,0,0,0,0,0,0,,
selja_kloster,7/5/2022,6,NW,crepis_sp.,0,1,1,1,0,0,1,0,0,1,0,0,0,0,0,0,0,0,0,0,0,0,0,0,0,0,0,0,0,0,,
selja_kloster,7/5/2022,6,NW,veronica_officinalis,0,1,0,0,0,0,0,0,0,0,0,0,0,0,0,0,0,0,0,0,0,0,0,0,0,0,0,0,0,0,,
selja_kloster,7/5/2022,6,NW,alchemilla_alpina,0,1,0,0,0,0,0,0,0,0,0,0,0,0,0,0,0,0,0,0,0,0,0,0,0,0,0,0,0,0,,
selja_kloster,7/5/2022,6,NW,prunella_vulgaris,0,0,1,1,0,0,0,0,0,0,0,0,0,0,0,0,0,0,0,0,0,0,0,0,0,0,0,0,0,0,,
selja_kloster,7/5/2022,6,NW,plantago_major,0,0,1,1,1,0,0,0,0,0,0,0,0,0,0,0,0,0,0,0,0,0,0,0,0,0,0,0,0,0,,
selja_kloster,7/5/2022,6,NW,urtica_urens,0,0,0,0,1,0,0,0,0,0,0,0,0,0,0,0,0,0,0,0,0,0,0,0,0,0,0,0,0,0,,
selja_kloster,7/5/2022,6,NW,plantago_media,0,0,0,0,1,0,0,0,0,0,0,0,0,0,0,0,0,0,0,0,0,0,0,0,0,0,0,0,0,0,,
selja_kloster,7/5/2022,6,NW,cardamine_pratensis,0,0,0,0,1,0,0,1,0,1,1,1,1,0,0,0,0,0,0,0,0,0,0,0,0,0,0,0,0,0,,
selja_kloster,7/5/2022,6,NW,rumex_acetosa,0,0,0,0,0,1,1,1,0,1,1,1,1,0,0,0,0,0,0,0,0,0,0,0,0,0,0,0,0,0,some shiny-leaved at 56m,
selja_kloster,7/5/2022,6,NW,taraxacum_officinale,0,0,0,0,0,1,1,0,0,0,1,0,0,0,0,0,0,0,0,0,0,0,0,0,0,0,0,0,0,0,,
selja_kloster,7/5/2022,6,NW,ranunculus_acris,0,0,0,0,0,0,1,0,1,0,1,0,0,0,0,0,0,0,0,0,0,0,0,0,0,0,0,0,0,0,,
selja_kloster,7/5/2022,6,NW,equisetum_arvense,0,0,0,0,0,0,0,1,1,1,1,1,0,0,0,0,0,0,0,0,0,0,0,0,0,0,0,0,0,0,,
selja_kloster,7/5/2022,6,NW,cirsium_sp.,0,0,0,0,0,0,0,0,0,1,0,0,0,0,0,0,0,0,0,0,0,0,0,0,0,0,0,0,0,0,,
selja_kloster,7/5/2022,6,NW,cerastium_sp.,0,0,0,0,0,0,0,0,0,1,0,0,0,0,0,0,0,0,0,0,0,0,0,0,0,0,0,0,0,0,,
selja_kloster,7/5/2022,6,NW,lotus_corniculatus,0,0,0,0,0,0,0,0,0,1,0,0,0,0,0,0,0,0,0,0,0,0,0,0,0,0,0,0,0,0,,
selja_kloster,7/5/2022,6,NW,potentilla_erecta,0,0,0,0,0,0,0,0,0,0,0,1,1,1,1,1,1,1,1,1,1,1,1,1,1,1,1,1,1,1,,
selja_kloster,7/5/2022,6,NW,vaccinium_myrtillus,0,0,0,0,0,0,0,0,0,0,0,0,1,1,1,1,1,0,0,0,0,1,1,1,1,1,1,1,1,1,,
selja_kloster,7/5/2022,6,NW,lysimachia_nemorum,0,0,0,0,0,0,0,0,0,0,0,0,1,1,1,1,1,1,1,0,0,0,1,0,0,0,0,0,0,0,,
selja_kloster,7/5/2022,6,NW,vaccinium_vitis-ideae,0,0,0,0,0,0,0,0,0,0,0,0,1,1,1,1,1,1,1,1,1,1,1,1,1,1,1,1,1,1,,
selja_kloster,7/5/2022,6,NW,empetrum_nigrum,0,0,0,0,0,0,0,0,0,0,0,0,0,1,0,0,0,0,0,1,0,1,0,0,1,1,1,1,1,1,,
selja_kloster,7/5/2022,6,NW,unknown_,0,0,0,0,0,0,0,0,0,0,0,0,0,1,1,1,1,0,0,0,0,0,0,0,0,0,0,0,0,0,tiny leaves,
selja_kloster,7/5/2022,6,NW,calluna_vulgaris,0,0,0,0,0,0,0,0,0,0,0,0,0,0,1,0,0,1,1,1,1,1,1,1,1,1,1,1,1,1,,
selja_kloster,7/5/2022,6,NW,vaccinium_uliginosum,0,0,0,0,0,0,0,0,0,0,0,0,0,0,0,1,0,0,1,0,1,0,0,0,0,0,1,0,0,1,,
selja_kloster,7/5/2022,6,NW,trientalis_europaea,0,0,0,0,0,0,0,0,0,0,0,0,0,0,0,0,1,0,1,0,1,1,0,0,0,1,1,0,0,0,,
selja_kloster,7/5/2022,6,NW,galium_saxatile,0,0,0,0,0,0,0,0,0,0,0,0,0,0,0,0,1,0,0,0,0,0,1,0,1,0,0,0,0,0,,
selja_kloster,7/5/2022,6,NW,viola_palustris,0,0,0,0,0,0,0,0,0,0,0,0,0,0,0,0,1,1,0,0,0,0,0,0,0,0,0,0,0,0,,
selja_kloster,7/5/2022,6,NW,juniperus_communis,0,0,0,0,0,0,0,0,0,0,0,0,0,0,0,0,1,0,0,0,0,1,1,1,1,1,1,1,1,1,,
selja_kloster,7/5/2022,6,NW,vaccinium_oxycoccos,0,0,0,0,0,0,0,0,0,0,0,0,0,0,0,0,0,0,0,1,0,0,0,1,0,0,0,0,0,0,,
selja_kloster,7/5/2022,6,NW,oxalis_acetosella,0,0,0,0,0,0,0,0,0,0,0,0,0,0,0,0,0,0,0,0,1,1,1,1,1,1,1,1,1,0,,
selja_kloster,7/5/2022,6,NW,valeriana_sambucifolia,0,0,0,0,0,0,0,0,0,0,0,0,0,0,0,0,0,0,0,0,0,0,1,0,0,0,0,0,0,0,,
selja_kloster,7/5/2022,6,NW,vicia_sepium,0,0,0,0,0,0,0,0,0,0,0,0,0,0,0,0,0,0,0,0,0,0,0,0,0,1,0,0,0,0,,
selja_kloster,7/5/2022,6,NW,melampyrum_pratense,0,0,0,0,0,0,0,0,0,0,0,0,0,0,0,0,0,0,0,0,0,0,0,0,0,1,1,0,0,0,,
selja_kloster,7/5/2022,6,NW,sorbus_aucuparia,0,0,0,0,0,0,0,0,0,0,0,0,0,0,0,0,0,0,0,0,0,0,0,0,0,0,0,1,1,0,,
selja_kloster,7/5/2022,6,NW,polypodium_vulgare,0,0,0,0,0,0,0,0,0,0,0,0,0,0,0,0,0,0,0,0,0,0,0,0,0,0,0,0,0,1,,
selja_kloster,7/5/2022,7,N ,trifolium_repens,1,1,1,1,1,1,1,1,1,1,1,1,0,0,0,0,0,0,0,0,0,0,0,0,0,0,0,0,0,0,,
selja_kloster,7/5/2022,7,N ,ranunculus_repens,1,1,1,1,1,1,1,1,1,1,1,1,0,0,1,0,1,0,0,0,0,0,0,0,0,0,0,0,0,0,,
selja_kloster,7/5/2022,7,N ,plantago_lanceolata,1,1,1,1,1,1,1,1,1,1,1,0,0,0,0,0,0,0,0,0,0,0,0,0,0,0,0,0,0,0,,
selja_kloster,7/5/2022,7,N ,plantago_major,1,1,1,1,1,1,1,1,1,1,1,0,0,0,0,0,0,0,0,0,0,0,0,0,0,0,0,0,0,0,,
selja_kloster,7/5/2022,7,N ,achillea_millefolium,0,0,0,0,0,1,1,1,1,1,1,0,0,0,0,0,0,0,0,0,0,0,0,0,0,0,0,0,0,0,,
selja_kloster,7/5/2022,7,N ,prunella_vulgaris,0,0,0,0,0,0,0,0,0,0,0,0,0,0,0,0,0,0,0,0,0,0,0,0,0,0,0,0,0,0,,
selja_kloster,7/5/2022,7,N ,alchemilla_alpina,0,1,0,0,0,0,0,0,0,0,0,0,0,0,0,0,0,0,0,0,0,0,0,0,0,0,0,0,0,0,,
selja_kloster,7/5/2022,7,N ,leontodon_autumnalis,1,1,1,1,1,1,1,1,1,0,0,0,0,0,0,0,0,0,0,0,0,0,0,0,0,0,0,0,0,0,,
selja_kloster,7/5/2022,7,N ,veronica_officinalis,0,0,1,1,0,1,1,0,0,0,0,0,0,0,0,0,0,0,0,0,0,0,0,0,0,0,0,0,0,0,,
selja_kloster,7/5/2022,7,N ,bellis_perennis,0,0,1,1,1,0,0,0,0,0,0,0,0,0,0,0,0,0,0,0,0,0,0,0,0,0,0,0,0,0,,
selja_kloster,7/5/2022,7,N ,taraxacum_officinale,0,0,1,1,1,0,0,0,0,0,0,0,0,0,0,0,0,0,0,0,0,0,0,0,0,0,0,0,0,0,,
selja_kloster,7/5/2022,7,N ,veronica_serpyllifolia,0,0,0,0,1,0,0,0,0,0,0,0,0,0,0,0,0,0,0,0,0,0,0,0,0,0,0,0,0,0,,
selja_kloster,7/5/2022,7,N ,apiaceae_sp.,0,0,0,0,0,1,1,1,1,1,1,0,0,0,0,0,0,0,0,0,0,0,0,0,0,0,0,0,0,0,,
selja_kloster,7/5/2022,7,N ,rumex_acetosa,0,0,0,0,0,0,1,1,1,1,1,1,1,1,1,0,0,1,0,0,0,0,0,0,0,0,0,0,0,0,,
selja_kloster,7/5/2022,7,N ,galium_saxatile,0,0,0,0,0,0,0,0,1,0,0,0,0,0,0,0,0,0,0,0,0,0,0,0,0,0,0,0,0,0,,
selja_kloster,7/5/2022,7,N ,cirsium_sp.,0,0,0,0,0,0,0,0,0,1,1,0,0,1,0,0,1,0,0,0,0,0,0,0,0,0,0,0,0,0,,
selja_kloster,7/5/2022,7,N ,urtica_dioica,0,0,0,0,0,0,0,0,0,0,1,1,0,0,1,1,0,0,0,0,0,0,0,0,0,0,0,0,0,0,,
selja_kloster,7/5/2022,7,N ,sedum_anglicum,0,0,0,0,0,0,0,0,0,0,1,1,0,0,0,0,0,0,0,0,0,0,0,0,0,0,0,0,0,0,,
selja_kloster,7/5/2022,7,N ,cirsium_palustre,0,0,0,0,0,0,0,0,0,0,1,1,0,0,0,0,0,1,0,0,0,0,0,0,0,0,0,0,0,0,,
selja_kloster,7/5/2022,7,N ,hypochaeris_radicata,0,0,0,0,0,0,0,0,0,0,1,0,0,0,0,0,0,0,0,0,0,0,0,0,0,0,0,0,0,0,,
selja_kloster,7/5/2022,7,N ,cerastium_fontanum,0,0,0,0,0,0,0,0,0,0,0,0,1,0,0,0,0,0,0,0,0,0,0,0,0,0,0,0,0,0,,
selja_kloster,7/5/2022,7,N ,polypodium_vulgare,0,0,0,0,0,0,0,0,0,0,0,0,1,0,0,0,0,0,0,0,0,0,0,0,0,0,0,0,0,0,,
selja_kloster,7/7/2022,7,N ,conopodium_majus,0,0,0,0,0,0,0,0,0,0,0,0,1,0,0,0,0,0,0,0,0,0,0,0,0,0,0,0,0,0,,
selja_kloster,7/7/2022,7,N ,oxalis_acetosella,0,0,0,0,0,0,0,0,0,0,0,0,1,1,0,0,1,1,1,1,0,0,0,0,0,0,0,0,0,0,,
selja_kloster,7/7/2022,7,N ,geranium_robertianum,0,0,0,0,0,0,0,0,0,0,0,0,0,1,0,0,0,0,0,0,0,0,0,0,0,0,0,0,0,0,,
selja_kloster,7/7/2022,7,N ,juniperus_communis,0,0,0,0,0,0,0,0,0,0,0,0,0,0,0,1,0,1,1,1,1,1,1,1,1,1,1,1,1,1,,
selja_kloster,7/7/2022,7,N ,potentilla_erecta,0,0,0,0,0,0,0,0,0,0,0,0,0,0,0,1,1,1,1,1,1,1,1,1,1,1,1,1,1,1,,
selja_kloster,7/7/2022,7,N ,galium_saxatile,0,0,0,0,0,0,0,0,0,0,0,0,0,0,0,0,1,1,0,0,0,0,0,0,0,0,0,0,0,0,,
selja_kloster,7/7/2022,7,N ,trientalis_europaea,0,0,0,0,0,0,0,0,0,0,0,0,0,0,0,0,1,1,1,1,1,1,1,1,1,1,1,1,1,1,,
selja_kloster,7/7/2022,7,N ,vaccinium_vitis-ideae,0,0,0,0,0,0,0,0,0,0,0,0,0,0,0,0,1,1,1,1,1,1,1,1,1,1,1,1,1,1,,
selja_kloster,7/7/2022,7,N ,calluna_vulgaris,0,0,0,0,0,0,0,0,0,0,0,0,0,0,0,0,1,1,1,1,1,1,1,1,1,1,1,1,1,1,,
selja_kloster,7/7/2022,7,N ,vaccinium_myrtillus,0,0,0,0,0,0,0,0,0,0,0,0,0,0,0,0,0,1,1,1,1,1,1,1,1,1,1,1,1,1,,
selja_kloster,7/7/2022,7,N ,empetrum_nigrum,0,0,0,0,0,0,0,0,0,0,0,0,0,0,0,0,0,0,1,1,1,1,1,1,1,1,1,1,1,1,,
selja_kloster,7/7/2022,7,N ,epilobium_palustre,0,0,0,0,0,0,0,0,0,0,0,0,0,0,0,0,0,0,1,0,0,0,0,0,0,0,0,0,0,0,,
selja_kloster,7/7/2022,7,N ,erica_tetralix,0,0,0,0,0,0,0,0,0,0,0,0,0,0,0,0,0,0,0,1,1,1,1,1,1,1,1,1,1,1,,
selja_kloster,7/7/2022,7,N ,cornus_suecia,0,0,0,0,0,0,0,0,0,0,1,1,1,1,1,1,1,1,1,1,1,1,1,1,1,1,1,1,1,1,,
selja_kloster,7/7/2022,7,N ,vaccinium_uliginosum,0,0,0,0,0,0,0,0,0,0,0,0,0,0,0,0,0,0,0,0,0,1,1,1,1,1,1,1,1,1,,
selja_kloster,7/7/2022,7,N ,blechnum_spicant,0,0,0,0,0,0,0,0,0,0,0,0,0,0,0,0,0,0,0,0,0,0,1,0,0,0,0,0,0,0,,
selja_kloster,7/7/2022,7,N ,andromeda_polifolia,0,0,0,0,0,0,0,0,0,0,0,0,0,0,0,0,0,0,0,0,0,0,0,0,1,1,1,1,1,1,,
selja_kloster,7/7/2022,7,N ,vaccinium_oxycoccos,0,0,0,0,0,0,0,0,0,0,0,0,0,0,0,0,0,0,0,0,0,0,0,0,0,0,1,1,1,1,,
selja_kloster,7/7/2022,7,N ,epilobium_sp.,0,0,0,0,0,0,0,0,0,0,0,0,0,0,0,0,0,0,0,0,0,1,0,0,0,0,0,0,0,0,,
selja_kloster,7/7/2022,8,NE,trifolium_repens,1,1,1,1,1,1,1,1,0,0,0,0,0,0,0,0,0,1,1,0,0,0,0,0,0,0,0,0,0,0,,
selja_kloster,7/7/2022,8,NE,ranculus_repens,1,1,1,1,1,1,1,0,0,0,0,0,0,0,0,0,0,0,1,0,0,0,0,0,0,0,0,0,0,0,,
selja_kloster,7/7/2022,8,NE,plantago_lanceolata,1,1,1,1,1,1,1,1,0,0,0,0,0,0,0,0,0,0,1,0,0,0,1,0,0,0,0,0,0,0,,
selja_kloster,7/7/2022,8,NE,leontodon_autumnalis,1,1,1,1,1,1,0,0,0,0,0,0,0,0,0,0,0,0,0,0,0,0,0,0,0,0,0,0,0,0,,
selja_kloster,7/7/2022,8,NE,achillea_millefolium,1,1,0,0,1,0,0,0,0,0,0,0,0,0,0,0,0,1,0,0,0,0,0,0,0,0,0,0,0,0,,
selja_kloster,7/7/2022,8,NE,plantago_major,1,1,0,1,0,0,0,0,0,0,0,0,0,0,0,0,0,0,0,0,0,0,0,0,0,0,0,0,0,0,,
selja_kloster,7/7/2022,8,NE,taraxacum_sp.,1,1,1,1,0,0,0,0,0,0,0,0,0,0,0,0,0,0,0,0,0,0,0,0,0,0,0,0,0,0,,
selja_kloster,7/7/2022,8,NE,crepis_sp.,0,1,0,0,0,0,0,0,0,0,0,0,0,0,0,0,0,0,0,0,0,0,0,0,0,0,0,0,0,0,,
selja_kloster,7/7/2022,8,NE,bellis_perennis,0,0,1,1,1,0,0,0,0,0,0,0,0,0,0,0,0,0,0,0,0,0,0,0,0,0,0,0,0,0,,
selja_kloster,7/7/2022,8,NE,cerastium_fontanum,1,1,1,1,1,1,0,0,0,0,0,0,0,0,0,0,0,0,0,0,0,0,0,0,0,0,0,0,0,0,,
selja_kloster,7/7/2022,8,NE,alchemilla_alpina,0,0,0,1,0,0,0,1,0,0,0,0,0,0,0,0,1,0,0,0,0,0,0,0,0,0,0,0,0,0,,
selja_kloster,7/7/2022,8,NE,alchemilla_sp.,0,0,0,1,0,0,0,0,0,0,0,0,0,0,0,0,0,0,0,0,0,0,0,0,0,0,0,0,0,0,,
selja_kloster,7/7/2022,8,NE,urtica_urens,0,0,0,1,0,0,0,0,0,0,0,0,0,0,0,0,0,0,0,0,0,0,0,0,0,0,0,0,0,0,,
selja_kloster,7/7/2022,8,NE,rumex_acetosa,0,0,0,1,0,0,0,1,0,0,1,1,1,1,1,0,0,0,1,1,1,1,1,1,0,0,0,0,0,0,,
selja_kloster,7/7/2022,8,NE,cirsium_cf.palustre,0,0,0,0,1,0,0,0,0,0,0,0,0,0,0,0,0,0,0,0,0,0,0,0,0,0,0,0,0,0,,c.f. palustre
selja_kloster,7/7/2022,8,NE,cirsium_sp.,0,0,0,0,0,1,0,0,0,0,0,0,0,0,0,0,0,0,0,0,0,0,0,0,0,0,0,0,0,0,,
selja_kloster,7/7/2022,8,NE,sedum_anglicum,0,0,0,0,0,1,0,0,0,0,0,0,0,0,0,0,0,0,0,0,0,0,0,0,0,0,0,0,0,0,,
selja_kloster,7/7/2022,8,NE,veronica_officinalis,0,0,0,0,0,0,1,0,0,0,0,0,0,0,0,0,0,0,0,0,0,0,0,0,0,0,0,0,0,0,,
selja_kloster,7/7/2022,8,NE,succisa_pratensis,0,0,0,0,0,0,1,1,1,0,0,0,0,1,0,0,0,0,0,0,0,1,1,1,1,0,1,0,0,0,,
selja_kloster,7/7/2022,8,NE,vaccinium_myrtillus,0,0,0,0,0,0,1,1,1,1,1,1,1,1,1,0,0,0,0,1,0,0,0,1,0,0,1,1,1,1,,
selja_kloster,7/7/2022,8,NE,viola_riviniana,0,0,0,0,0,0,1,1,1,0,0,0,0,0,0,0,0,0,0,0,0,0,0,0,0,0,0,0,0,0,,
selja_kloster,7/7/2022,8,NE,galium_saxatile,0,0,0,0,0,0,1,0,0,0,1,1,1,0,0,0,0,1,1,1,1,0,0,0,0,0,0,0,0,0,,
selja_kloster,7/7/2022,8,NE,potentilla_erecta,0,0,0,0,0,0,1,1,1,1,1,1,1,1,1,1,1,1,1,1,1,1,1,1,1,1,1,1,1,1,,
selja_kloster,7/7/2022,8,NE,conopodium_majus,0,0,0,0,0,0,1,1,1,0,0,0,0,0,0,0,0,0,0,0,0,0,0,0,0,0,0,0,0,0,,
selja_kloster,7/7/2022,8,NE,juniperus_communis,0,0,0,0,0,0,1,1,1,1,1,1,1,1,1,1,1,1,1,1,1,1,1,1,1,1,1,1,1,1,,
selja_kloster,7/7/2022,8,NE,cf.selinum_sp.,0,0,0,0,0,0,1,1,0,0,0,0,0,0,0,0,0,0,0,0,0,0,0,0,0,0,0,0,0,0,,c.f.  Selinum
selja_kloster,7/7/2022,8,NE,empetrum_nigrum,0,0,0,0,0,0,1,1,1,0,1,0,0,0,0,0,1,1,1,1,1,1,1,1,1,1,1,0,0,0,,
selja_kloster,7/7/2022,8,NE,calluna_vulgaris,0,0,0,0,0,0,1,1,1,0,0,0,0,0,0,0,1,1,1,1,1,1,1,1,1,1,1,1,1,1,,
selja_kloster,7/7/2022,8,NE,primula_vulgaris,0,0,0,0,0,0,1,1,1,0,1,0,1,0,0,0,0,0,0,0,0,0,0,0,0,0,0,0,0,0,,
selja_kloster,7/7/2022,8,NE,oxalis_acetosella,0,0,0,0,0,0,1,0,1,0,1,1,1,1,1,1,1,1,1,0,0,0,0,0,0,0,0,0,0,0,,
selja_kloster,7/7/2022,8,NE,verbascum_thapsus,0,0,0,0,0,0,1,0,0,0,0,0,0,0,0,0,0,0,0,0,0,0,0,0,0,0,0,0,0,0,,
selja_kloster,7/7/2022,8,NE,campanula_rotundifolia,0,0,0,0,0,0,1,1,0,0,0,0,0,0,0,0,0,0,0,0,0,0,0,0,0,0,0,0,0,0,,
selja_kloster,7/7/2022,8,NE,hypericum_pulchrum,0,0,0,0,0,0,1,0,0,0,0,0,0,0,0,0,0,0,0,0,0,0,0,0,0,0,0,0,0,0,,
selja_kloster,7/7/2022,8,NE,sorbus_cf.aucuparia,0,0,0,0,0,0,0,1,0,0,0,0,0,0,1,0,0,1,0,0,0,0,0,0,0,0,0,0,0,0,seedlings,c.f. aucuparia
selja_kloster,7/7/2022,8,NE,vaccinium_vitis-ideae,0,0,0,0,0,0,0,1,0,0,0,0,0,0,0,0,1,1,1,1,1,1,1,1,1,1,1,1,1,1,,
selja_kloster,7/7/2022,8,NE,anemone_nemorosa,0,0,0,0,0,0,0,1,1,1,1,1,1,0,0,0,0,0,0,0,0,0,0,0,0,0,0,0,0,0,,
selja_kloster,7/7/2022,8,NE,valeriana_sambucifolia,0,0,0,0,0,0,0,0,1,1,1,1,1,1,1,1,1,1,0,0,0,0,0,0,0,0,0,0,0,0,,
selja_kloster,7/7/2022,8,NE,urtica_dioica,0,0,0,0,0,0,0,0,0,1,1,1,1,0,0,0,0,0,0,0,0,0,0,0,0,0,0,0,0,0,,
selja_kloster,7/7/2022,8,NE,hypericum_maculatum_obtusiusculum,0,0,0,0,0,0,0,0,0,1,0,0,0,0,0,0,0,0,0,0,0,0,0,0,0,0,0,0,0,0,,
selja_kloster,7/7/2022,8,NE,epilobium_montanum,0,0,0,0,0,0,0,0,0,1,0,0,1,0,0,0,0,0,0,0,0,0,0,0,0,0,0,0,0,0,,
selja_kloster,7/7/2022,8,NE,geranium_robertianum,0,0,0,0,0,0,0,0,0,0,1,0,0,0,0,0,0,0,0,0,0,0,0,0,0,0,0,0,0,0,,
selja_kloster,7/7/2022,8,NE,athyrium_filix-femina,0,0,0,0,0,0,0,0,0,0,0,0,0,0,1,0,1,0,0,0,0,0,0,0,0,0,0,0,0,0,,
selja_kloster,7/7/2022,8,NE,gymnocarpium_dryopteris,0,0,0,0,0,0,0,0,0,0,0,0,0,0,1,0,0,0,0,0,1,0,0,0,0,0,0,0,0,0,,
selja_kloster,7/7/2022,8,NE,dryopteris_filix-mas,0,0,0,0,0,0,0,0,0,0,0,0,0,0,1,0,0,0,0,0,0,0,0,0,0,0,0,0,0,0,,
selja_kloster,7/7/2022,8,NE,cirsium_palustre,0,0,0,0,0,0,0,0,0,0,0,0,0,0,0,0,1,0,1,0,0,0,0,0,0,0,0,0,0,0,,
selja_kloster,7/7/2022,8,NE,polypodium_vulgare,0,0,0,0,0,0,0,0,0,0,0,0,0,0,0,0,1,0,0,0,0,0,0,0,0,0,0,0,0,0,,
selja_kloster,7/7/2022,8,NE,asplenium_ruta-muraria,0,0,0,0,0,0,0,0,0,0,0,0,0,0,0,0,0,0,1,0,0,0,0,0,0,0,0,0,0,0,,
selja_kloster,7/7/2022,8,NE,ranunculus_acris,0,0,0,0,0,0,0,0,0,0,0,0,0,0,0,0,0,0,0,1,0,0,0,0,0,0,0,0,0,0,,
selja_kloster,7/7/2022,8,NE,geum_rivale,0,0,0,0,0,0,0,0,0,0,0,0,0,0,0,0,0,0,0,1,0,0,0,0,0,0,0,0,0,0,,
selja_kloster,7/7/2022,8,NE,equisetum_arvense,0,0,0,0,0,0,0,0,0,0,0,0,0,0,0,0,0,0,0,1,0,0,0,0,0,0,0,0,0,0,,
selja_kloster,7/7/2022,8,NE,trientalis_europaea,0,0,0,0,0,0,0,0,0,0,0,0,0,0,0,0,0,0,0,1,1,1,1,1,1,1,1,1,1,0,,
selja_kloster,7/7/2022,8,NE,blechnum_spicant,0,0,0,0,0,0,0,0,0,0,0,0,0,0,0,0,0,0,0,0,0,1,0,0,0,1,0,0,0,0,,
selja_kloster,7/7/2022,8,NE,dactylorhiza_maculata,0,0,0,0,0,0,0,0,0,0,0,0,0,0,0,0,0,0,0,0,0,1,0,0,0,0,0,0,0,0,,
selja_kloster,7/7/2022,8,NE,vaccinium_uliginosum,0,0,0,0,0,0,0,0,0,0,0,0,0,0,0,0,0,0,0,0,0,0,0,0,0,1,1,0,1,0,,
selja_kloster,7/7/2022,8,NE,lysimachia_nemorum,0,0,0,0,0,0,0,0,0,0,0,0,0,0,0,0,0,0,0,0,0,0,0,0,0,0,1,1,1,1,,
selja_kloster,7/7/2022,8,NE,melampyrum_pratense,0,0,0,0,0,0,0,0,0,0,0,0,0,0,0,0,0,0,0,0,0,0,0,0,0,0,1,0,0,1,,
reins_kloster,7/20/2022,1,N,trifolium_repens,0,0,0,0,1,1,1,1,1,1,0,0,0,0,0,0,0,0,0,0,0,0,0,0,0,0,0,0,0,0,,
reins_kloster,7/20/2022,1,N,plantago_major,0,0,0,0,1,1,1,1,1,1,0,0,0,0,0,0,0,0,0,0,0,0,0,0,0,0,0,0,0,0,,
reins_kloster,7/20/2022,1,N,cf.crepis_sp.,0,0,0,0,0,1,1,1,1,1,0,0,0,0,0,0,0,0,0,0,0,0,0,0,0,0,0,0,0,0,,
reins_kloster,7/20/2022,1,N,leontodon_autumnalis,0,0,0,0,0,1,1,1,1,1,0,0,0,0,0,0,0,0,0,0,0,0,0,0,0,0,0,0,0,0,,
reins_kloster,7/20/2022,1,N,crepis_sp.,0,0,0,0,0,0,1,1,1,1,0,0,0,0,0,0,0,0,0,0,0,0,0,0,0,0,0,0,0,0,,
reins_kloster,7/20/2022,1,N,achillea_millefolium,0,0,0,0,0,0,0,1,1,1,0,0,0,0,0,0,0,0,0,0,0,0,0,0,0,0,0,0,0,0,,
reins_kloster,7/20/2022,1,N,cerastium_fontanum,0,0,0,0,0,0,0,1,0,0,0,0,0,0,0,0,0,0,0,0,0,0,0,0,0,0,0,0,0,0,,
reins_kloster,7/20/2022,1,N,prunella_vulgaris,0,0,0,0,0,0,0,1,0,1,0,0,0,0,0,0,0,0,0,0,0,0,0,0,0,0,0,0,0,0,,
reins_kloster,7/20/2022,1,N,alchemilla_sp.,0,0,0,0,0,0,0,0,1,1,0,0,0,0,0,0,0,0,0,0,0,0,0,0,0,0,0,0,0,0,,
reins_kloster,7/20/2022,1,N,aegopodium_podagraria,0,0,0,0,0,0,0,0,0,1,1,1,1,1,1,0,0,0,0,0,0,0,0,0,0,0,0,0,0,0,,
reins_kloster,7/20/2022,1,N,myosotis_sp.,0,0,0,0,0,0,0,0,0,0,1,0,0,0,0,0,0,0,0,0,0,0,0,0,0,0,0,0,0,0,,
reins_kloster,7/20/2022,1,N,anthriscus_sylvestris,0,0,0,0,0,0,0,0,0,1,0,1,1,1,1,0,1,0,0,0,0,0,0,0,0,0,0,0,0,0,,
reins_kloster,7/20/2022,1,N,urtica_dioica,0,0,0,0,0,0,0,0,0,0,1,1,0,0,1,0,1,0,0,0,0,0,0,0,0,0,0,0,0,0,,
reins_kloster,7/20/2022,1,N,lapsana_communis,0,0,0,0,0,0,0,0,0,0,1,0,0,0,0,0,0,0,0,0,0,0,0,0,0,0,0,0,0,0,,
reins_kloster,7/20/2022,1,N,acer_cf.pseudoplatanus,0,0,0,0,0,0,0,0,0,0,1,1,1,1,1,0,1,0,0,0,0,0,0,0,0,0,0,0,0,0,"saplings @ 52m, overhead @ 62-74m",
reins_kloster,7/20/2022,1,N,rheum_cf.rhabarbarum,0,0,0,0,0,0,0,0,0,0,1,0,0,0,0,0,0,0,0,0,0,0,0,0,0,0,0,0,0,0,,
reins_kloster,7/20/2022,1,N,sambucus_racemosa,0,0,0,0,0,0,0,0,0,0,1,0,0,0,0,0,0,0,0,0,0,0,0,0,0,0,0,0,0,0,large bush @ 52m,
reins_kloster,7/20/2022,1,N,rosa_cf.canina,0,0,0,0,0,0,0,0,0,0,1,0,0,0,0,0,0,0,0,0,0,0,0,0,0,0,0,0,0,0,,
reins_kloster,7/20/2022,1,N,rubus_idaeus,0,0,0,0,0,0,0,0,0,0,0,1,0,0,0,0,0,0,0,0,0,0,0,0,0,0,0,0,0,0,,
reins_kloster,7/20/2022,1,N,fraxinus_excelsior,0,0,0,0,0,0,0,0,0,0,0,0,1,0,0,0,0,0,0,0,0,0,0,0,0,0,0,0,0,0,overhead cover @ 62m,
reins_kloster,7/20/2022,1,N,unknown_,0,0,0,0,0,0,0,0,0,0,0,0,1,0,0,0,0,0,0,0,0,0,0,0,0,0,0,0,0,0,,
reins_kloster,7/20/2022,1,N,geum_urbanum,0,0,0,0,0,0,0,0,0,0,0,0,1,0,0,0,0,0,0,0,0,0,0,0,0,0,0,0,0,0,,
reins_kloster,7/20/2022,1,N,prunus_padus,0,0,0,0,0,0,0,0,0,0,0,0,1,0,1,0,1,0,0,0,0,0,0,0,0,0,0,0,0,0,,
reins_kloster,7/20/2022,1,N,ribes_uva-crispa,0,0,0,0,0,0,0,0,0,0,0,0,0,1,1,0,0,0,0,0,0,0,0,0,0,0,0,0,0,0,,
reins_kloster,7/20/2022,1,N,epilobium_montanum,0,0,0,0,0,0,0,0,0,0,0,0,0,0,1,0,0,0,0,0,0,0,0,0,0,0,0,0,0,0,,
reins_kloster,7/20/2022,1,N,geranium_robertianum,0,0,0,0,0,0,0,0,0,0,0,0,0,0,1,0,0,0,0,0,0,0,0,0,0,0,0,0,0,0,,
reins_kloster,7/20/2022,1,N,ranunculus_repens,0,0,0,0,0,0,0,0,0,0,0,0,0,0,0,0,1,0,0,0,0,0,0,0,0,0,0,0,0,0,,
reins_kloster,7/20/2022,1,N,vicia_sepium,0,0,0,0,0,0,0,0,0,0,0,0,0,0,0,0,1,0,0,0,0,0,0,0,0,0,0,0,0,0,,
reins_kloster,7/20/2022,2,NW,crepis_sp.,0,0,0,0,1,1,1,1,0,0,0,0,0,0,0,0,0,0,0,0,0,0,0,0,0,0,0,0,0,0,,
reins_kloster,7/20/2022,2,NW,lapsana_communis,0,0,0,0,1,0,0,0,0,0,0,0,0,0,0,0,0,0,0,0,0,0,0,0,0,0,0,0,0,0,,
reins_kloster,7/20/2022,2,NW,plantago_major,0,0,0,0,1,1,0,0,0,0,0,0,0,0,0,0,0,0,0,0,0,0,0,0,0,0,0,0,0,0,,
reins_kloster,7/20/2022,2,NW,myosotis_sp.,0,0,0,0,1,1,0,0,0,0,0,0,0,0,0,0,0,0,0,0,0,0,0,0,0,0,0,0,0,0,,
reins_kloster,7/20/2022,2,NW,veronica_chamaedrys,0,0,0,0,1,1,1,1,0,0,0,0,0,0,0,0,0,0,0,0,0,0,0,0,0,0,0,0,0,0,,
reins_kloster,7/20/2022,2,NW,cerastium_fontanum,0,0,0,0,1,0,1,0,0,0,0,0,0,0,0,0,0,0,0,0,0,0,0,0,0,0,0,0,0,0,,
reins_kloster,7/20/2022,2,NW,acer_sp.,0,0,0,0,1,0,1,0,1,1,0,1,0,0,0,0,0,0,0,0,0,0,0,0,0,0,0,0,0,0,"seedlings @ 22,34,44m; trees @ 46&50m",
reins_kloster,7/20/2022,2,NW,taraxacum_sp.,0,0,0,0,1,0,0,0,0,0,0,0,0,0,0,0,0,0,0,0,0,0,0,0,0,0,0,0,0,0,,
reins_kloster,7/20/2022,2,NW,vicia_sepium,0,0,0,0,1,0,1,1,0,0,0,0,0,0,0,0,0,0,0,0,0,0,0,0,0,0,0,0,0,0,,
reins_kloster,7/20/2022,2,NW,anthriscus_sylvestris,0,0,0,0,0,1,1,1,0,0,1,0,0,0,0,0,0,0,0,0,0,0,0,0,0,0,0,0,0,0,,
reins_kloster,7/20/2022,2,NW,fraxinus_excelsior,0,0,0,0,0,1,0,0,0,0,0,0,0,0,0,0,0,0,0,0,0,0,0,0,0,0,0,0,0,0,,
reins_kloster,7/20/2022,2,NW,moehringia_trinervia,0,0,0,0,0,1,0,0,0,0,0,0,0,0,0,0,0,0,0,0,0,0,0,0,0,0,0,0,0,0,,
reins_kloster,7/20/2022,2,NW,cf.astrantia_major,0,0,0,0,0,1,0,0,0,0,0,0,0,0,0,0,0,0,0,0,0,0,0,0,0,0,0,0,0,0,,
reins_kloster,7/20/2022,2,NW,lysimachia_nummularia,0,0,0,0,0,1,1,1,0,0,0,0,0,0,0,0,0,0,0,0,0,0,0,0,0,0,0,0,0,0,,
reins_kloster,7/20/2022,2,NW,leontodon_autumnalis,0,0,0,0,0,1,1,0,0,0,0,0,0,0,0,0,0,0,0,0,0,0,0,0,0,0,0,0,0,0,,
reins_kloster,7/20/2022,2,NW,achillea_millefolium,0,0,0,0,0,1,1,1,0,0,0,0,0,0,0,0,0,0,0,0,0,0,0,0,0,0,0,0,0,0,,
reins_kloster,7/20/2022,2,NW,geum_urbanum,0,0,0,0,0,1,1,0,0,1,1,0,0,0,0,0,0,0,0,0,0,0,0,0,0,0,0,0,0,0,,
reins_kloster,7/20/2022,2,NW,trifolium_repens,0,0,0,0,0,0,1,0,0,0,0,0,0,0,0,0,0,0,0,0,0,0,0,0,0,0,0,0,0,0,,
reins_kloster,7/20/2022,2,NW,prunella_vulgaris,0,0,0,0,0,0,1,1,0,0,0,0,0,0,0,0,0,0,0,0,0,0,0,0,0,0,0,0,0,0,,
reins_kloster,7/20/2022,2,NW,aegopodium_podagraria,0,0,0,0,0,0,1,1,1,1,1,0,0,0,0,0,0,0,0,0,0,0,0,0,0,0,0,0,0,0,,
reins_kloster,7/20/2022,2,NW,alchemilla_sp.,0,0,0,0,0,0,1,1,0,0,0,0,0,0,0,0,0,0,0,0,0,0,0,0,0,0,0,0,0,0,,
reins_kloster,7/20/2022,2,NW,urtica_dioica,0,0,0,0,0,0,0,0,1,0,0,0,0,0,0,0,0,0,0,0,0,0,0,0,0,0,0,0,0,0,,
reins_kloster,7/20/2022,2,NW,polygonatum_odoratum,0,0,0,0,0,0,0,0,1,0,0,0,0,0,0,0,0,0,0,0,0,0,0,0,0,0,0,0,0,0,,
reins_kloster,7/20/2022,2,NW,geranium_sylvaticum,0,0,0,0,0,0,0,0,1,0,0,0,0,0,0,0,0,0,0,0,0,0,0,0,0,0,0,0,0,0,,
reins_kloster,7/20/2022,2,NW,prunus_padus,0,0,0,0,0,0,0,0,0,1,1,0,0,0,0,0,0,0,0,0,0,0,0,0,0,0,0,0,0,0,,
reins_kloster,7/20/2022,2,NW,ulmus_glabra,0,0,0,0,0,0,0,0,0,0,1,0,0,0,0,0,0,0,0,0,0,0,0,0,0,0,0,0,0,0,sapling @ 50m,
reins_kloster,7/20/2022,2,NW,unknown_,0,0,0,0,0,0,0,0,0,0,1,0,0,0,0,0,0,0,0,0,0,0,0,0,0,0,0,0,0,0,,ribes/veronica?
reins_kloster,7/20/2022,2,NW,ribes_uva-crispa,0,0,0,0,0,0,0,0,0,0,1,0,0,0,0,0,0,0,0,0,0,0,0,0,0,0,0,0,0,0,,
reins_kloster,7/20/2022,2,NW,geranium_robertianum,0,0,0,0,0,0,0,0,0,0,1,0,0,0,0,0,0,0,0,0,0,0,0,0,0,0,0,0,0,0,,
reins_kloster,7/20/2022,2,NW,epilobium_montanum,0,0,0,0,0,0,0,0,0,0,1,0,0,0,0,0,0,0,0,0,0,0,0,0,0,0,0,0,0,0,,
reins_kloster,7/20/2022,3,W,prunella_vulgaris,0,0,0,0,1,0,0,0,0,0,0,0,1,1,0,0,0,0,0,0,0,0,0,0,0,0,0,0,0,0,,
reins_kloster,7/20/2022,3,W,aegopodium_podagraria,0,0,0,0,1,0,1,1,1,1,0,0,1,0,0,0,1,0,0,0,0,0,0,0,0,0,0,0,0,0,,
reins_kloster,7/20/2022,3,W,achillea_millefolium,0,0,0,0,1,0,0,0,0,0,0,0,0,0,0,0,0,0,0,0,0,0,0,0,0,0,0,0,0,0,,
reins_kloster,7/20/2022,3,W,alchemilla_sp.,0,0,0,0,1,0,0,1,1,0,1,0,1,1,1,1,0,0,0,0,0,0,0,0,0,0,0,0,0,0,,
reins_kloster,7/20/2022,3,W,leontodon_autumnalis,0,0,0,0,1,0,0,0,0,0,0,0,0,0,0,0,0,0,0,0,0,0,0,0,0,0,0,0,0,0,,
reins_kloster,7/20/2022,3,W,geum_urbanum,0,0,0,0,1,0,1,1,1,1,1,1,1,1,1,1,1,1,0,0,0,0,0,0,0,0,0,0,0,0,,
reins_kloster,7/20/2022,3,W,veronica_chamaedrys,0,0,0,0,1,0,1,1,1,1,1,1,1,1,1,1,0,0,0,0,0,0,0,0,0,0,0,0,0,0,,
reins_kloster,7/20/2022,3,W,plantago_major,0,0,0,0,1,0,0,0,0,0,1,0,0,0,0,0,0,0,0,0,0,0,0,0,0,0,0,0,0,0,,
reins_kloster,7/20/2022,3,W,trifolium_repens,0,0,0,0,1,0,0,0,0,0,0,0,0,1,0,0,0,0,0,0,0,0,0,0,0,0,0,0,0,0,,
reins_kloster,7/20/2022,3,W,rumex_acetosa,0,0,0,0,1,0,1,1,0,0,0,0,0,0,0,0,0,0,0,0,0,0,0,0,0,0,0,0,1,0,,
reins_kloster,7/20/2022,3,W,ranunculus_repens,0,0,0,0,1,0,0,0,0,0,0,0,0,0,0,0,0,0,0,0,0,0,0,0,0,0,0,0,0,0,,
reins_kloster,7/20/2022,3,W,myosotis_sp.,0,0,0,0,1,0,1,0,0,0,0,0,0,0,0,0,0,0,0,0,0,0,0,0,0,0,0,0,0,0,,
reins_kloster,7/20/2022,3,W,anthriscus_sylvestris,0,0,0,0,0,0,1,1,1,1,1,1,1,1,1,1,1,1,0,0,0,0,0,0,0,0,0,0,0,0,,
reins_kloster,7/20/2022,3,W,cerastium_fontanum,0,0,0,0,0,0,1,0,0,0,0,0,0,0,1,1,0,0,0,0,0,0,0,0,0,0,0,0,0,0,,
reins_kloster,7/20/2022,3,W,vicia_sepium,0,0,0,0,0,0,1,1,1,1,1,1,1,1,1,1,0,0,0,0,0,0,0,1,0,0,0,0,0,0,,
reins_kloster,7/20/2022,3,W,campanula_rotundifolia,0,0,0,0,0,0,1,0,0,0,0,0,0,0,1,1,0,0,0,0,0,0,0,0,0,1,0,0,0,0,,
reins_kloster,7/20/2022,3,W,lysimachia_nummularia,0,0,0,0,1,0,1,1,1,1,1,1,1,1,1,1,0,0,0,0,0,0,0,0,0,0,0,0,0,0,,
reins_kloster,7/20/2022,3,W,geranium_sylvaticum,0,0,0,0,0,0,1,1,1,1,1,1,0,1,1,1,1,1,0,1,0,0,0,0,0,0,0,0,0,0,,
reins_kloster,7/20/2022,3,W,lapsana_communis,0,0,0,0,0,0,1,0,0,0,0,0,0,0,0,1,1,1,0,1,0,0,0,0,0,1,0,0,0,0,,
reins_kloster,7/20/2022,3,W,crepis_sp.,0,0,0,0,0,0,0,0,1,1,1,1,1,1,1,1,0,0,0,0,0,0,0,0,0,0,0,0,0,0,,
reins_kloster,7/20/2022,3,W,allium_oleraceum,0,0,0,0,0,0,0,0,1,0,1,0,0,0,0,0,0,0,0,0,0,0,0,0,0,0,0,0,0,0,,
reins_kloster,7/20/2022,3,W,athyrium_filix-femina,0,0,0,0,0,0,0,0,0,1,0,0,0,0,0,0,1,1,1,1,1,1,1,1,0,0,0,0,0,0,,
reins_kloster,7/20/2022,3,W,fraxinus_excelsior,0,0,0,0,0,0,0,0,0,1,0,1,0,0,0,0,1,0,1,1,0,0,0,0,0,0,0,0,0,0,"trees at 46&58m; seedling @ 84,92-96m",
reins_kloster,7/20/2022,3,W,stellaria_graminea,0,0,0,0,0,0,0,0,0,1,1,1,0,0,1,0,0,0,0,0,0,0,0,0,0,0,0,0,0,0,,
reins_kloster,7/20/2022,3,W,acer_cf.pseudoplatanus,0,0,0,0,0,0,0,0,0,0,1,0,0,0,0,1,1,1,1,1,1,1,1,1,1,0,0,0,0,0,"seedling @ 52, 78-124m; young tree @ 96m",
reins_kloster,7/20/2022,3,W,taraxacum_sp.,0,0,0,0,0,0,0,0,0,0,1,0,0,0,0,0,0,0,0,0,0,0,0,0,0,0,0,0,0,0,,
reins_kloster,7/20/2022,3,W,epilobium_montanum,0,0,0,0,0,0,0,0,0,0,0,0,0,1,0,0,0,0,1,0,0,0,0,0,0,0,0,0,0,0,,
reins_kloster,7/20/2022,3,W,astrantia_major,0,0,0,0,0,0,0,0,0,0,0,0,0,0,1,0,0,0,0,0,0,0,0,0,0,0,0,0,0,0,,
reins_kloster,7/20/2022,3,W,hieracium_sp.,0,0,0,0,0,0,0,0,0,0,0,0,0,0,1,0,0,0,0,0,0,0,0,0,0,0,0,0,0,0,,
reins_kloster,7/20/2022,3,W,ranunculus_acris,0,0,0,0,0,0,0,0,0,0,0,0,0,0,0,1,0,0,0,0,0,0,0,1,0,0,0,0,0,0,,
reins_kloster,7/20/2022,3,W,rubus_idaeus,0,0,0,0,0,0,0,0,0,0,0,0,0,0,0,0,1,1,1,0,0,0,0,0,0,0,0,0,1,0,,
reins_kloster,7/20/2022,3,W,oxalis_acetosella,0,0,0,0,0,0,0,0,0,0,0,0,0,0,0,0,1,1,0,1,1,1,1,1,1,1,1,1,1,0,,
reins_kloster,7/20/2022,3,W,prunus_padus,0,0,0,0,0,0,0,0,0,0,0,0,0,0,0,0,0,1,1,1,1,1,1,1,1,1,1,1,1,0,,
reins_kloster,7/20/2022,3,W,anemone_nemorosa,0,0,0,0,0,0,0,0,0,0,0,0,0,0,0,0,0,1,1,1,0,1,1,1,1,1,1,1,1,0,,
reins_kloster,7/20/2022,3,W,cf.fraxinus_excelsior,0,0,0,0,0,0,0,0,0,0,0,0,0,0,0,0,0,1,0,0,0,0,0,0,0,0,0,0,0,0,"seedlings, very tiny, first leaves",
reins_kloster,7/20/2022,3,W,urtica_dioica,0,0,0,0,0,0,0,0,0,0,0,0,0,0,0,0,0,0,1,0,0,0,0,0,0,0,0,0,0,0,,
reins_kloster,7/20/2022,3,W,abies_alba,0,0,0,0,0,0,0,0,0,0,0,0,0,0,0,0,0,0,1,1,1,1,1,1,1,0,1,1,0,0,"seedling @ 92,96,102-124m; tree @ 122,132,134,136,145",
reins_kloster,7/20/2022,3,W,sorbus_aucuparia,0,0,0,0,0,0,0,0,0,0,0,0,0,0,0,0,0,0,1,0,0,0,1,1,1,1,1,1,1,0,"seedling @ 94, young trees @ 136-145",
reins_kloster,7/20/2022,3,W,dryopteris_filix-mas,0,0,0,0,0,0,0,0,0,0,0,0,0,0,0,0,0,0,1,0,1,1,1,1,0,0,0,0,0,0,,
reins_kloster,7/20/2022,3,W,gymnocarpium_dryopteris,0,0,0,0,0,0,0,0,0,0,0,0,0,0,0,0,0,0,0,1,1,1,1,1,1,1,1,1,1,0,,
reins_kloster,7/20/2022,3,W,dryopteris_dilatata,0,0,0,0,0,0,0,0,0,0,0,0,0,0,0,0,0,0,0,0,1,1,1,1,0,0,0,0,0,0,,c.f. expansa
reins_kloster,7/20/2022,3,W,cystopteris_fragilis,0,0,0,0,0,0,0,0,0,0,0,0,0,0,0,0,0,0,0,0,0,1,0,0,0,0,0,0,0,0,,
reins_kloster,7/20/2022,3,W,betula_sp.,0,0,0,0,0,0,0,0,0,0,0,0,0,0,0,0,0,0,0,0,0,0,1,0,0,0,0,0,0,0,"no leaves @ 114, young tree",
reins_kloster,7/20/2022,3,W,maianthemum_bifolium,0,0,0,0,0,0,0,0,0,0,0,0,0,0,0,0,0,0,0,0,0,0,0,1,1,1,1,1,1,0,,
reins_kloster,7/21/2022,3,W,viola_sp.,0,0,0,0,0,0,0,0,0,0,0,0,0,0,0,0,0,0,0,0,0,0,0,0,1,0,0,0,0,0,,
reins_kloster,7/21/2022,3,W,vaccinium_myrtillus,0,0,0,0,0,0,0,0,0,0,0,0,0,0,0,0,0,0,0,0,0,0,0,0,0,1,1,1,1,0,,
reins_kloster,7/21/2022,3,W,cf.hieracium_sp.,0,0,0,0,0,0,0,0,0,0,0,0,0,0,0,0,0,0,0,0,0,0,0,0,0,0,0,1,0,0,basal rosette only at 136,
reins_kloster,7/21/2022,3,W,betula_cf.pubescens,0,0,0,0,0,0,0,0,0,0,0,0,0,0,0,0,0,0,0,0,0,0,0,0,0,0,0,0,1,0,,
reins_kloster,7/21/2022,4,SW,aegopodium_podagraria,0,0,0,0,1,0,0,0,1,0,0,0,1,1,1,1,1,1,1,1,1,1,1,1,1,0,0,0,0,0,,
reins_kloster,7/21/2022,4,SW,leontodon_autumnalis,0,0,0,0,1,0,0,0,0,0,0,0,0,0,0,0,0,0,0,0,0,0,0,0,0,0,0,0,0,0,,
reins_kloster,7/21/2022,4,SW,crepis_sp.,0,0,0,0,1,1,0,1,0,0,0,0,1,0,0,0,0,0,0,0,0,0,0,0,0,0,0,0,0,0,,
reins_kloster,7/21/2022,4,SW,anthriscus_sylvestris,0,0,0,0,1,1,0,1,1,1,1,0,1,1,1,1,1,0,0,0,1,1,1,0,0,1,0,0,0,0,,
reins_kloster,7/21/2022,4,SW,prunella_vulgaris,0,0,0,0,1,1,0,0,1,0,1,0,0,0,0,0,0,0,0,0,0,0,0,0,0,0,0,0,0,0,,
reins_kloster,7/21/2022,4,SW,lysimachia_nummularia,0,0,0,0,1,0,0,1,1,1,1,0,0,1,1,1,1,1,0,0,0,1,1,0,0,0,0,0,0,0,,
reins_kloster,7/21/2022,4,SW,achillea_millefolium,0,0,0,0,1,1,0,0,0,0,0,0,0,0,0,0,0,0,0,0,0,0,0,0,0,0,0,0,0,0,,
reins_kloster,7/21/2022,4,SW,viola_sp.,0,0,0,0,1,0,0,0,0,0,0,0,0,0,0,0,0,0,0,0,0,0,0,0,0,0,0,0,0,0,,
reins_kloster,7/21/2022,4,SW,veronica_chamaedrys,0,0,0,0,0,1,0,1,0,0,1,0,0,1,1,1,1,1,1,0,0,0,0,0,0,0,0,0,0,0,,
reins_kloster,7/21/2022,4,SW,geum_urbanum,0,0,0,0,1,0,0,0,0,1,0,0,1,0,1,1,1,1,1,1,0,1,1,0,1,1,1,1,1,1,,
reins_kloster,7/21/2022,4,SW,plantago_major,0,0,0,0,0,0,1,1,1,1,1,0,1,0,0,0,0,0,0,0,0,0,0,0,0,0,0,0,0,0,,
reins_kloster,7/21/2022,4,SW,alchemilla_sp.,0,0,0,0,0,0,0,1,1,0,0,0,0,0,0,0,0,0,0,0,0,0,0,0,1,0,0,0,0,0,,
reins_kloster,7/21/2022,4,SW,trifolium_repens,0,0,0,0,0,0,0,1,1,0,0,0,0,0,0,0,0,0,0,0,0,0,0,0,0,0,0,0,0,0,,
reins_kloster,7/21/2022,4,SW,stellaria_media,0,0,0,0,0,0,0,1,1,0,0,0,0,0,0,0,0,0,0,0,0,0,0,0,0,0,0,0,0,0,,
reins_kloster,7/21/2022,4,SW,rumex_acetosella,0,0,0,0,0,0,0,0,1,0,0,0,0,0,0,0,0,0,0,0,0,0,0,0,0,0,0,0,0,0,,
reins_kloster,7/21/2022,4,SW,acer_cf.platanoides,0,0,0,0,0,0,0,0,1,0,0,0,0,0,0,1,0,0,1,1,1,1,1,1,1,0,0,0,0,0,"seedlings at 44m,76m,92m. Saplings at 98m-120m",c.f. platanoides
reins_kloster,7/21/2022,4,SW,cf.hieracium_sp.,0,0,0,0,0,0,0,0,0,1,0,0,0,0,0,0,0,0,0,0,0,0,0,0,0,0,0,0,0,0,,c.f. Hieracium
reins_kloster,7/21/2022,4,SW,cerastium_fontanum,0,0,0,0,0,0,0,0,0,1,1,0,1,1,1,0,0,0,0,0,0,0,0,0,0,0,0,0,0,0,,
reins_kloster,7/21/2022,4,SW,veronica_serpyllifolia,0,0,0,0,0,0,0,0,0,0,1,0,0,0,0,0,0,1,1,0,0,0,0,0,0,0,0,0,0,0,,
reins_kloster,7/21/2022,4,SW,rumex_obtusifolius,0,0,0,0,0,0,0,0,0,0,0,0,1,0,0,0,0,0,0,0,0,0,0,0,0,0,0,0,0,0,,
reins_kloster,7/21/2022,4,SW,taraxacum_sp.,0,0,0,0,0,0,0,0,0,0,0,0,1,0,0,0,0,0,0,1,0,0,0,0,0,0,0,0,0,0,,
reins_kloster,7/21/2022,4,SW,geranium_sylvaticum,0,0,0,0,0,0,0,0,0,0,0,0,1,0,1,1,1,0,0,0,1,1,1,1,1,1,1,1,0,0,,
reins_kloster,7/21/2022,4,SW,vicia_sepium,0,0,0,0,0,0,0,0,0,0,0,0,0,1,1,0,0,1,1,1,0,0,0,0,1,0,0,0,0,0,,
reins_kloster,7/21/2022,4,SW,stachys_sylvatica,0,0,0,0,0,0,0,0,0,0,0,0,0,0,1,0,0,0,0,0,0,0,0,0,0,0,0,0,0,0,,
reins_kloster,7/21/2022,4,SW,urtica_dioica,0,0,0,0,0,0,0,0,0,0,0,0,0,0,1,0,0,0,0,0,0,0,0,0,0,0,0,0,0,0,,
reins_kloster,7/21/2022,4,SW,athyrium_filix-femina,0,0,0,0,0,0,0,0,0,0,0,0,0,0,0,1,1,0,0,0,0,0,1,1,1,1,1,1,1,1,,
reins_kloster,7/21/2022,4,SW,rubus_idaeus,0,0,0,0,0,0,0,0,0,0,0,0,0,0,0,0,1,1,1,0,0,1,1,0,0,1,1,1,1,1,,
reins_kloster,7/21/2022,4,SW,sorbus_aucuparia,0,0,0,0,0,0,0,0,0,0,0,0,0,0,0,0,1,0,0,0,0,0,0,1,1,1,1,0,0,1,"seedling at 80m, saplings at 120m-150m",
reins_kloster,7/21/2022,4,SW,lapsana_communis,0,0,0,0,0,0,0,0,0,0,0,0,0,0,0,0,1,0,1,1,1,1,1,1,1,1,1,1,1,0,,
reins_kloster,7/21/2022,4,SW,epilobium_montanum,0,0,0,0,0,0,0,0,0,0,0,0,0,0,0,0,1,0,0,0,0,0,1,0,1,0,1,1,0,0,,
reins_kloster,7/21/2022,4,SW,rumex_acetosa,0,0,0,0,0,0,0,0,0,0,0,0,0,0,0,0,1,0,0,0,0,0,0,0,0,0,0,0,0,0,,
reins_kloster,7/21/2022,4,SW,prunus_padus,0,0,0,0,0,0,0,0,0,0,0,0,0,0,0,0,0,0,1,0,1,0,1,0,1,1,1,1,1,1,,
reins_kloster,7/21/2022,4,SW,fraxinus_excelsior,0,0,0,0,0,0,0,0,0,0,0,0,0,0,0,0,0,0,1,0,0,0,1,1,1,1,1,1,1,0,"sapling at 92m, tree at 110m",
reins_kloster,7/21/2022,4,SW,abies_alba,0,0,0,0,0,0,0,0,0,0,0,0,0,0,0,0,0,0,1,0,0,0,0,0,1,0,0,0,1,0,seedlings at 94m-148m,
reins_kloster,7/21/2022,4,SW,gymnocarpium_dryopteris,0,0,0,0,0,0,0,0,0,0,0,0,0,0,0,0,0,0,1,0,0,0,0,0,0,0,0,0,1,0,,
reins_kloster,7/21/2022,4,SW,acer_platanoides,0,0,0,0,0,0,0,0,0,0,0,0,0,0,0,0,0,0,1,0,0,0,0,0,0,0,0,0,0,0,sapling at 94m,
reins_kloster,7/21/2022,4,SW,oxalis_acetosella,0,0,0,0,0,0,0,0,0,0,0,0,0,0,0,0,0,0,0,0,0,1,1,1,1,1,1,1,1,1,,
reins_kloster,7/21/2022,4,SW,filipendula_ulmaria,0,0,0,0,0,0,0,0,0,0,0,0,0,0,0,0,0,0,0,0,0,1,0,0,0,0,0,0,0,0,,
reins_kloster,7/21/2022,4,SW,dryopteris_filix-mas,0,0,0,0,0,0,0,0,0,0,0,0,0,0,0,0,0,0,0,0,0,0,0,0,1,0,0,1,0,0,,
reins_kloster,7/21/2022,4,SW,campanula_rotundifolia,0,0,0,0,0,0,0,0,0,0,0,0,0,0,0,0,0,0,0,0,0,0,0,0,0,1,0,0,0,0,,
reins_kloster,7/21/2022,4,SW,betula_pubescens,0,0,0,0,0,0,0,0,0,0,0,0,0,0,0,0,0,0,0,0,0,0,0,0,0,1,0,0,1,1,,
reins_kloster,7/21/2022,4,SW,anemone_nemorosa,0,0,0,0,0,0,0,0,0,0,0,0,0,0,0,0,0,0,0,0,0,0,0,0,0,0,0,1,0,1,,
reins_kloster,7/21/2022,4,SW,dryopteris_dilatata,0,0,0,0,0,0,0,0,0,0,0,0,0,0,0,0,0,0,0,0,0,0,0,0,0,0,0,1,1,0,,
reins_kloster,7/21/2022,4,SW,viola_sp.,0,0,0,0,0,0,0,0,0,0,0,0,0,0,0,0,0,0,0,0,0,0,0,0,0,0,0,0,1,0,,
reins_kloster,7/21/2022,4,SW,cystopteris_fragilis,0,0,0,0,0,0,0,0,0,0,0,0,0,0,0,0,0,0,0,0,0,0,0,0,0,0,0,0,0,1,,
reins_kloster,7/21/2022,4,SW,vaccinium_myrtillus,0,0,0,0,0,0,0,0,0,0,0,0,0,0,0,0,0,0,0,0,0,0,0,0,0,0,0,0,0,1,,
reins_kloster,7/21/2022,4,SW,ranunculus_acris,0,0,0,0,0,0,0,0,0,0,0,0,0,0,0,0,0,0,0,0,0,0,0,0,0,0,0,0,0,1,,
reins_kloster,7/22/2022,5,NE,aegopodium_podagraria,0,0,0,0,0,0,1,0,0,0,0,0,0,0,0,0,0,0,0,0,0,0,0,0,0,0,0,0,0,0,,
reins_kloster,7/22/2022,5,NE,achillea_millefolium,0,0,0,0,0,0,1,0,0,0,0,0,0,0,0,0,0,0,0,0,0,0,0,0,0,0,0,0,0,0,,
reins_kloster,7/22/2022,5,NE,alchemilla_sp.,0,0,0,0,0,0,1,1,1,0,1,0,0,0,0,0,0,0,0,0,0,0,0,0,0,0,0,0,0,0,,
reins_kloster,7/22/2022,5,NE,veronica_chamaedrys,0,0,0,0,0,0,1,1,1,1,1,0,0,0,0,0,0,0,0,0,0,0,0,0,0,0,0,0,0,0,,
reins_kloster,7/22/2022,5,NE,prunella_vulgaris,0,0,0,0,0,0,1,1,0,0,0,0,0,0,0,0,0,0,0,0,0,0,0,0,0,0,0,0,0,0,,
reins_kloster,7/22/2022,5,NE,geum_urbanum,0,0,0,0,0,0,1,1,1,1,1,1,1,1,1,0,0,0,0,0,0,0,0,0,0,0,0,0,0,0,,
reins_kloster,7/22/2022,5,NE,campanula_rotundifolia,0,0,0,0,0,0,1,1,0,0,0,0,0,0,0,0,0,0,0,0,0,0,0,0,0,0,0,0,0,0,,
reins_kloster,7/22/2022,5,NE,lapsana_communis,0,0,0,0,0,0,1,0,0,0,1,0,1,0,0,0,0,0,0,0,0,0,0,0,0,0,0,0,0,0,,
reins_kloster,7/22/2022,5,NE,symphoricarpos_albus,0,0,0,0,0,0,1,1,1,0,0,0,0,0,0,0,0,0,0,0,0,0,0,0,0,0,0,0,0,0,,
reins_kloster,7/22/2022,5,NE,lysimachia_nummularia,0,0,0,0,0,0,0,1,1,1,1,0,0,0,0,0,0,0,0,0,0,0,0,0,0,0,0,0,0,0,,
reins_kloster,7/22/2022,5,NE,ulmus_glabra,0,0,0,0,0,0,0,0,1,0,0,0,1,1,1,0,0,0,0,0,0,0,0,0,0,0,0,0,0,0,tree at 70m,
reins_kloster,7/22/2022,5,NE,astrantia_major,0,0,0,0,0,0,0,0,1,1,0,0,0,0,0,0,0,0,0,0,0,0,0,0,0,0,0,0,0,0,,
reins_kloster,7/22/2022,5,NE,epilobium_montanum,0,0,0,0,0,0,0,0,1,0,0,0,1,0,0,0,0,0,0,0,0,0,0,0,0,0,0,0,0,0,,
reins_kloster,7/22/2022,5,NE,urtica_dioica,0,0,0,0,0,0,0,0,1,0,0,0,0,0,0,0,0,0,0,0,0,0,0,0,0,0,0,0,0,0,,
reins_kloster,7/22/2022,5,NE,acer_pseudoplatanus,0,0,0,0,0,0,0,0,1,1,1,1,1,1,1,0,0,0,0,0,0,0,0,0,0,0,0,0,0,0,,
reins_kloster,7/22/2022,5,NE,prunus_padus,0,0,0,0,0,0,0,0,0,1,0,0,0,0,0,0,0,0,0,0,0,0,0,0,0,0,0,0,0,0,,
reins_kloster,7/22/2022,5,NE,cerastium_fontanum,0,0,0,0,0,0,0,0,0,1,0,0,0,0,0,0,0,0,0,0,0,0,0,0,0,0,0,0,0,0,,
reins_kloster,7/22/2022,5,NE,geranium_robertianum,0,0,0,0,0,0,0,0,0,0,0,0,1,1,1,0,0,0,0,0,0,0,0,0,0,0,0,0,0,0,,
reins_kloster,7/22/2022,5,NE,oxalis_acetosella,0,0,0,0,0,0,0,0,0,0,0,0,1,1,1,0,0,0,0,0,0,0,0,0,0,0,0,0,0,0,,
reins_kloster,7/22/2022,5,NE,rubus_idaeus,0,0,0,0,0,0,0,0,0,0,0,0,1,0,0,0,0,0,0,0,0,0,0,0,0,0,0,0,0,0,,
reins_kloster,7/22/2022,5,NE,fraxinus_excelsior,0,0,0,0,0,0,0,0,0,0,0,0,1,1,1,0,0,0,0,0,0,0,0,0,0,0,0,0,0,0,tree at 60m,
reins_kloster,7/22/2022,6,SE,ranunculus_repens,0,0,0,0,0,0,0,0,0,0,0,0,0,0,0,0,0,0,1,0,1,1,0,0,0,1,0,0,0,0,,
reins_kloster,7/22/2022,6,SE,achillea_millefolium,0,0,0,0,0,0,0,0,0,0,0,0,0,0,0,0,0,0,1,1,1,0,1,0,0,0,0,0,0,0,,
reins_kloster,7/22/2022,6,SE,veronica_chamaedrys,0,0,0,0,0,0,0,0,0,0,0,0,0,0,0,0,0,0,1,1,1,0,0,0,0,0,0,0,0,0,,
reins_kloster,7/22/2022,6,SE,taraxacum_sp.,0,0,0,0,0,0,0,0,0,0,0,0,0,0,0,0,0,0,1,0,0,0,0,1,0,0,0,0,0,0,,
reins_kloster,7/22/2022,6,SE,anthriscus_sylvestris,0,0,0,0,0,0,0,0,0,0,0,0,0,0,0,0,0,0,1,1,0,0,1,1,1,0,0,0,0,0,,
reins_kloster,7/22/2022,6,SE,fraxinus_excelsior,0,0,0,0,0,0,0,0,0,0,0,0,0,0,0,0,0,0,1,1,0,0,0,1,0,0,0,0,0,0,"seedling at 92m, tree at 98m and 116m",
reins_kloster,7/22/2022,6,SE,rumex_acetosa,0,0,0,0,0,0,0,0,0,0,0,0,0,0,0,0,0,0,1,1,1,0,0,0,0,0,0,0,0,0,,
reins_kloster,7/22/2022,6,SE,prunella_vulgaris,0,0,0,0,0,0,0,0,0,0,0,0,0,0,0,0,0,0,0,1,1,0,0,0,0,0,0,0,0,0,,
reins_kloster,7/22/2022,6,SE,crepis_sp.,0,0,0,0,0,0,0,0,0,0,0,0,0,0,0,0,0,0,0,1,1,1,1,0,0,0,0,0,0,0,,
reins_kloster,7/22/2022,6,SE,urtica_dioica,0,0,0,0,0,0,0,0,0,0,0,0,0,0,0,0,0,0,0,1,0,0,0,0,0,0,0,0,0,0,,
reins_kloster,7/22/2022,6,SE,plantago_major,0,0,0,0,0,0,0,0,0,0,0,0,0,0,0,0,0,0,0,0,0,0,1,0,0,0,0,0,0,0,,
reins_kloster,7/22/2022,6,SE,alchemilla_sp.,0,0,0,0,0,0,0,0,0,0,0,0,0,0,0,0,0,0,0,0,0,0,0,0,1,1,0,0,0,0,,
reins_kloster,7/22/2022,6,SE,aegopodium_podagraria,0,0,0,0,0,0,0,0,0,0,0,0,0,0,0,0,0,0,1,1,1,0,0,0,0,0,0,0,0,0,,
